__time,/tag_detections/detections.0/center/x,/tag_detections/detections.0/center/y,/tag_detections/detections.0/center/z,/tag_detections/detections.0/corners.0/x,/tag_detections/detections.0/corners.0/y,/tag_detections/detections.0/corners.0/z,/tag_detections/detections.0/corners.1/x,/tag_detections/detections.0/corners.1/y,/tag_detections/detections.0/corners.1/z,/tag_detections/detections.0/corners.2/x,/tag_detections/detections.0/corners.2/y,/tag_detections/detections.0/corners.2/z,/tag_detections/detections.0/corners.3/x,/tag_detections/detections.0/corners.3/y,/tag_detections/detections.0/corners.3/z,/tag_detections/detections.0/id,/tag_detections/detections.0/pose/header/stamp/nanosec,/tag_detections/detections.0/pose/header/stamp/sec,/tag_detections/detections.0/pose/pose/covariance.0,/tag_detections/detections.0/pose/pose/covariance.1,/tag_detections/detections.0/pose/pose/covariance.10,/tag_detections/detections.0/pose/pose/covariance.11,/tag_detections/detections.0/pose/pose/covariance.12,/tag_detections/detections.0/pose/pose/covariance.13,/tag_detections/detections.0/pose/pose/covariance.14,/tag_detections/detections.0/pose/pose/covariance.15,/tag_detections/detections.0/pose/pose/covariance.16,/tag_detections/detections.0/pose/pose/covariance.17,/tag_detections/detections.0/pose/pose/covariance.18,/tag_detections/detections.0/pose/pose/covariance.19,/tag_detections/detections.0/pose/pose/covariance.2,/tag_detections/detections.0/pose/pose/covariance.20,/tag_detections/detections.0/pose/pose/covariance.21,/tag_detections/detections.0/pose/pose/covariance.22,/tag_detections/detections.0/pose/pose/covariance.23,/tag_detections/detections.0/pose/pose/covariance.24,/tag_detections/detections.0/pose/pose/covariance.25,/tag_detections/detections.0/pose/pose/covariance.26,/tag_detections/detections.0/pose/pose/covariance.27,/tag_detections/detections.0/pose/pose/covariance.28,/tag_detections/detections.0/pose/pose/covariance.29,/tag_detections/detections.0/pose/pose/covariance.3,/tag_detections/detections.0/pose/pose/covariance.30,/tag_detections/detections.0/pose/pose/covariance.31,/tag_detections/detections.0/pose/pose/covariance.32,/tag_detections/detections.0/pose/pose/covariance.33,/tag_detections/detections.0/pose/pose/covariance.34,/tag_detections/detections.0/pose/pose/covariance.35,/tag_detections/detections.0/pose/pose/covariance.4,/tag_detections/detections.0/pose/pose/covariance.5,/tag_detections/detections.0/pose/pose/covariance.6,/tag_detections/detections.0/pose/pose/covariance.7,/tag_detections/detections.0/pose/pose/covariance.8,/tag_detections/detections.0/pose/pose/covariance.9,/tag_detections/detections.0/pose/pose/pose/orientation/w,/tag_detections/detections.0/pose/pose/pose/orientation/x,/tag_detections/detections.0/pose/pose/pose/orientation/y,/tag_detections/detections.0/pose/pose/pose/orientation/z,/tag_detections/detections.0/pose/pose/pose/position/x,/tag_detections/detections.0/pose/pose/pose/position/y,/tag_detections/detections.0/pose/pose/pose/position/z,/tag_detections/header/stamp
1688478831.654335,,,,,,,,,,,,,,,,,,,,,,,,,,,,,,,,,,,,,,,,,,,,,,,,,,,,,,,,,,,,,,1688478831.596987009
1688478831.688234,,,,,,,,,,,,,,,,,,,,,,,,,,,,,,,,,,,,,,,,,,,,,,,,,,,,,,,,,,,,,,1688478831.630347013
1688478831.725067,,,,,,,,,,,,,,,,,,,,,,,,,,,,,,,,,,,,,,,,,,,,,,,,,,,,,,,,,,,,,,1688478831.663706779
1688478831.749091,,,,,,,,,,,,,,,,,,,,,,,,,,,,,,,,,,,,,,,,,,,,,,,,,,,,,,,,,,,,,,1688478831.697066545
1688478831.781779,,,,,,,,,,,,,,,,,,,,,,,,,,,,,,,,,,,,,,,,,,,,,,,,,,,,,,,,,,,,,,1688478831.730426550
1688478831.815581,,,,,,,,,,,,,,,,,,,,,,,,,,,,,,,,,,,,,,,,,,,,,,,,,,,,,,,,,,,,,,1688478831.763786316
1688478831.852758,663.000000000,291.500000000,0.000000000,650.000000000,277.000000000,0.000000000,676.000000000,279.000000000,0.000000000,675.000000000,304.000000000,0.000000000,649.000000000,302.000000000,0.000000000,0.000000000,0.000000000,0.000000000,0.000000000,0.000000000,0.000000000,0.000000000,0.000000000,0.000000000,0.000000000,0.000000000,0.000000000,0.000000000,0.000000000,0.000000000,0.000000000,0.000000000,0.000000000,0.000000000,0.000000000,0.000000000,0.000000000,0.000000000,0.000000000,0.000000000,0.000000000,0.000000000,0.000000000,0.000000000,0.000000000,0.000000000,0.000000000,0.000000000,0.000000000,0.000000000,0.000000000,0.000000000,0.000000000,0.000000000,0.999568517,0.000000000,0.000000000,0.029373128,0.044762760,-0.436435521,5.673686028,1688478831.797146320
1688478831.883699,663.500000000,291.500000000,0.000000000,651.000000000,277.000000000,0.000000000,676.000000000,279.000000000,0.000000000,674.000000000,304.000000000,0.000000000,649.000000000,302.000000000,0.000000000,0.000000000,0.000000000,0.000000000,0.000000000,0.000000000,0.000000000,0.000000000,0.000000000,0.000000000,0.000000000,0.000000000,0.000000000,0.000000000,0.000000000,0.000000000,0.000000000,0.000000000,0.000000000,0.000000000,0.000000000,0.000000000,0.000000000,0.000000000,0.000000000,0.000000000,0.000000000,0.000000000,0.000000000,0.000000000,0.000000000,0.000000000,0.000000000,0.000000000,0.000000000,0.000000000,0.000000000,0.000000000,0.000000000,0.000000000,0.999203502,0.000000000,0.000000000,0.039904397,0.045589227,-0.444493592,5.778440952,1688478831.830506086
1688478831.916538,663.500000000,291.500000000,0.000000000,651.000000000,277.000000000,0.000000000,676.000000000,279.000000000,0.000000000,674.000000000,304.000000000,0.000000000,649.000000000,302.000000000,0.000000000,0.000000000,0.000000000,0.000000000,0.000000000,0.000000000,0.000000000,0.000000000,0.000000000,0.000000000,0.000000000,0.000000000,0.000000000,0.000000000,0.000000000,0.000000000,0.000000000,0.000000000,0.000000000,0.000000000,0.000000000,0.000000000,0.000000000,0.000000000,0.000000000,0.000000000,0.000000000,0.000000000,0.000000000,0.000000000,0.000000000,0.000000000,0.000000000,0.000000000,0.000000000,0.000000000,0.000000000,0.000000000,0.000000000,0.000000000,0.999203502,0.000000000,0.000000000,0.039904397,0.045589227,-0.444493592,5.778440952,1688478831.863866329
1688478831.959295,663.500000000,291.500000000,0.000000000,651.000000000,277.000000000,0.000000000,676.000000000,279.000000000,0.000000000,674.000000000,304.000000000,0.000000000,649.000000000,302.000000000,0.000000000,0.000000000,0.000000000,0.000000000,0.000000000,0.000000000,0.000000000,0.000000000,0.000000000,0.000000000,0.000000000,0.000000000,0.000000000,0.000000000,0.000000000,0.000000000,0.000000000,0.000000000,0.000000000,0.000000000,0.000000000,0.000000000,0.000000000,0.000000000,0.000000000,0.000000000,0.000000000,0.000000000,0.000000000,0.000000000,0.000000000,0.000000000,0.000000000,0.000000000,0.000000000,0.000000000,0.000000000,0.000000000,0.000000000,0.000000000,0.999203502,0.000000000,0.000000000,0.039904397,0.045589227,-0.444493592,5.778440952,1688478831.897226095
1688478831.992111,663.500000000,291.500000000,0.000000000,651.000000000,277.000000000,0.000000000,676.000000000,279.000000000,0.000000000,674.000000000,304.000000000,0.000000000,649.000000000,302.000000000,0.000000000,0.000000000,0.000000000,0.000000000,0.000000000,0.000000000,0.000000000,0.000000000,0.000000000,0.000000000,0.000000000,0.000000000,0.000000000,0.000000000,0.000000000,0.000000000,0.000000000,0.000000000,0.000000000,0.000000000,0.000000000,0.000000000,0.000000000,0.000000000,0.000000000,0.000000000,0.000000000,0.000000000,0.000000000,0.000000000,0.000000000,0.000000000,0.000000000,0.000000000,0.000000000,0.000000000,0.000000000,0.000000000,0.000000000,0.000000000,0.999203502,0.000000000,0.000000000,0.039904397,0.045589227,-0.444493592,5.778440952,1688478831.930586100
1688478832.017951,663.500000000,291.500000000,0.000000000,651.000000000,277.000000000,0.000000000,676.000000000,279.000000000,0.000000000,674.000000000,304.000000000,0.000000000,649.000000000,302.000000000,0.000000000,0.000000000,0.000000000,0.000000000,0.000000000,0.000000000,0.000000000,0.000000000,0.000000000,0.000000000,0.000000000,0.000000000,0.000000000,0.000000000,0.000000000,0.000000000,0.000000000,0.000000000,0.000000000,0.000000000,0.000000000,0.000000000,0.000000000,0.000000000,0.000000000,0.000000000,0.000000000,0.000000000,0.000000000,0.000000000,0.000000000,0.000000000,0.000000000,0.000000000,0.000000000,0.000000000,0.000000000,0.000000000,0.000000000,0.000000000,0.999203502,0.000000000,0.000000000,0.039904397,0.045589227,-0.444493592,5.778440952,1688478831.963946104
1688478832.050257,663.500000000,291.500000000,0.000000000,651.000000000,277.000000000,0.000000000,676.000000000,279.000000000,0.000000000,674.000000000,304.000000000,0.000000000,649.000000000,302.000000000,0.000000000,0.000000000,0.000000000,0.000000000,0.000000000,0.000000000,0.000000000,0.000000000,0.000000000,0.000000000,0.000000000,0.000000000,0.000000000,0.000000000,0.000000000,0.000000000,0.000000000,0.000000000,0.000000000,0.000000000,0.000000000,0.000000000,0.000000000,0.000000000,0.000000000,0.000000000,0.000000000,0.000000000,0.000000000,0.000000000,0.000000000,0.000000000,0.000000000,0.000000000,0.000000000,0.000000000,0.000000000,0.000000000,0.000000000,0.000000000,0.999203502,0.000000000,0.000000000,0.039904397,0.045589227,-0.444493592,5.778440952,1688478831.997306108
1688478832.081317,663.500000000,291.500000000,0.000000000,651.000000000,277.000000000,0.000000000,676.000000000,279.000000000,0.000000000,674.000000000,304.000000000,0.000000000,649.000000000,302.000000000,0.000000000,0.000000000,0.000000000,0.000000000,0.000000000,0.000000000,0.000000000,0.000000000,0.000000000,0.000000000,0.000000000,0.000000000,0.000000000,0.000000000,0.000000000,0.000000000,0.000000000,0.000000000,0.000000000,0.000000000,0.000000000,0.000000000,0.000000000,0.000000000,0.000000000,0.000000000,0.000000000,0.000000000,0.000000000,0.000000000,0.000000000,0.000000000,0.000000000,0.000000000,0.000000000,0.000000000,0.000000000,0.000000000,0.000000000,0.000000000,0.999203502,0.000000000,0.000000000,0.039904397,0.045589227,-0.444493592,5.778440952,1688478832.030666113
1688478832.117439,663.500000000,291.500000000,0.000000000,651.000000000,277.000000000,0.000000000,676.000000000,279.000000000,0.000000000,674.000000000,304.000000000,0.000000000,649.000000000,302.000000000,0.000000000,0.000000000,0.000000000,0.000000000,0.000000000,0.000000000,0.000000000,0.000000000,0.000000000,0.000000000,0.000000000,0.000000000,0.000000000,0.000000000,0.000000000,0.000000000,0.000000000,0.000000000,0.000000000,0.000000000,0.000000000,0.000000000,0.000000000,0.000000000,0.000000000,0.000000000,0.000000000,0.000000000,0.000000000,0.000000000,0.000000000,0.000000000,0.000000000,0.000000000,0.000000000,0.000000000,0.000000000,0.000000000,0.000000000,0.000000000,0.999203502,0.000000000,0.000000000,0.039904397,0.045589227,-0.444493592,5.778440952,1688478832.064026117
1688478832.146708,,,,,,,,,,,,,,,,,,,,,,,,,,,,,,,,,,,,,,,,,,,,,,,,,,,,,,,,,,,,,,1688478832.097386122
1688478832.180108,,,,,,,,,,,,,,,,,,,,,,,,,,,,,,,,,,,,,,,,,,,,,,,,,,,,,,,,,,,,,,1688478832.130746365
1688478832.217916,663.500000000,291.500000000,0.000000000,651.000000000,277.000000000,0.000000000,676.000000000,279.000000000,0.000000000,674.000000000,304.000000000,0.000000000,649.000000000,302.000000000,0.000000000,0.000000000,0.000000000,0.000000000,0.000000000,0.000000000,0.000000000,0.000000000,0.000000000,0.000000000,0.000000000,0.000000000,0.000000000,0.000000000,0.000000000,0.000000000,0.000000000,0.000000000,0.000000000,0.000000000,0.000000000,0.000000000,0.000000000,0.000000000,0.000000000,0.000000000,0.000000000,0.000000000,0.000000000,0.000000000,0.000000000,0.000000000,0.000000000,0.000000000,0.000000000,0.000000000,0.000000000,0.000000000,0.000000000,0.000000000,0.999203502,0.000000000,0.000000000,0.039904397,0.045589227,-0.444493592,5.778440952,1688478832.164106369
1688478832.257892,663.500000000,291.500000000,0.000000000,651.000000000,277.000000000,0.000000000,676.000000000,279.000000000,0.000000000,674.000000000,304.000000000,0.000000000,649.000000000,302.000000000,0.000000000,0.000000000,0.000000000,0.000000000,0.000000000,0.000000000,0.000000000,0.000000000,0.000000000,0.000000000,0.000000000,0.000000000,0.000000000,0.000000000,0.000000000,0.000000000,0.000000000,0.000000000,0.000000000,0.000000000,0.000000000,0.000000000,0.000000000,0.000000000,0.000000000,0.000000000,0.000000000,0.000000000,0.000000000,0.000000000,0.000000000,0.000000000,0.000000000,0.000000000,0.000000000,0.000000000,0.000000000,0.000000000,0.000000000,0.000000000,0.999203502,0.000000000,0.000000000,0.039904397,0.045589227,-0.444493592,5.778440952,1688478832.197466612
1688478832.285519,663.500000000,291.500000000,0.000000000,651.000000000,277.000000000,0.000000000,676.000000000,279.000000000,0.000000000,674.000000000,304.000000000,0.000000000,649.000000000,302.000000000,0.000000000,0.000000000,0.000000000,0.000000000,0.000000000,0.000000000,0.000000000,0.000000000,0.000000000,0.000000000,0.000000000,0.000000000,0.000000000,0.000000000,0.000000000,0.000000000,0.000000000,0.000000000,0.000000000,0.000000000,0.000000000,0.000000000,0.000000000,0.000000000,0.000000000,0.000000000,0.000000000,0.000000000,0.000000000,0.000000000,0.000000000,0.000000000,0.000000000,0.000000000,0.000000000,0.000000000,0.000000000,0.000000000,0.000000000,0.000000000,0.999203502,0.000000000,0.000000000,0.039904397,0.045589227,-0.444493592,5.778440952,1688478832.230826616
1688478832.311618,,,,,,,,,,,,,,,,,,,,,,,,,,,,,,,,,,,,,,,,,,,,,,,,,,,,,,,,,,,,,,1688478832.264186859
1688478832.347234,,,,,,,,,,,,,,,,,,,,,,,,,,,,,,,,,,,,,,,,,,,,,,,,,,,,,,,,,,,,,,1688478832.297547102
1688478832.382844,,,,,,,,,,,,,,,,,,,,,,,,,,,,,,,,,,,,,,,,,,,,,,,,,,,,,,,,,,,,,,1688478832.330907345
1688478832.426392,663.500000000,291.500000000,0.000000000,651.000000000,277.000000000,0.000000000,676.000000000,279.000000000,0.000000000,674.000000000,304.000000000,0.000000000,649.000000000,302.000000000,0.000000000,0.000000000,0.000000000,0.000000000,0.000000000,0.000000000,0.000000000,0.000000000,0.000000000,0.000000000,0.000000000,0.000000000,0.000000000,0.000000000,0.000000000,0.000000000,0.000000000,0.000000000,0.000000000,0.000000000,0.000000000,0.000000000,0.000000000,0.000000000,0.000000000,0.000000000,0.000000000,0.000000000,0.000000000,0.000000000,0.000000000,0.000000000,0.000000000,0.000000000,0.000000000,0.000000000,0.000000000,0.000000000,0.000000000,0.000000000,0.999203502,0.000000000,0.000000000,0.039904397,0.045589227,-0.444493592,5.778440952,1688478832.364267349
1688478832.451663,,,,,,,,,,,,,,,,,,,,,,,,,,,,,,,,,,,,,,,,,,,,,,,,,,,,,,,,,,,,,,1688478832.397627592
1688478832.482390,663.000000000,291.500000000,0.000000000,650.000000000,277.000000000,0.000000000,676.000000000,279.000000000,0.000000000,674.000000000,304.000000000,0.000000000,649.000000000,302.000000000,0.000000000,0.000000000,0.000000000,0.000000000,0.000000000,0.000000000,0.000000000,0.000000000,0.000000000,0.000000000,0.000000000,0.000000000,0.000000000,0.000000000,0.000000000,0.000000000,0.000000000,0.000000000,0.000000000,0.000000000,0.000000000,0.000000000,0.000000000,0.000000000,0.000000000,0.000000000,0.000000000,0.000000000,0.000000000,0.000000000,0.000000000,0.000000000,0.000000000,0.000000000,0.000000000,0.000000000,0.000000000,0.000000000,0.000000000,0.000000000,0.874559044,0.480394752,0.057767418,0.032098081,0.033478301,-0.338766694,4.419359207,1688478832.430988789
1688478832.517223,663.500000000,291.500000000,0.000000000,651.000000000,277.000000000,0.000000000,676.000000000,279.000000000,0.000000000,674.000000000,304.000000000,0.000000000,649.000000000,302.000000000,0.000000000,0.000000000,0.000000000,0.000000000,0.000000000,0.000000000,0.000000000,0.000000000,0.000000000,0.000000000,0.000000000,0.000000000,0.000000000,0.000000000,0.000000000,0.000000000,0.000000000,0.000000000,0.000000000,0.000000000,0.000000000,0.000000000,0.000000000,0.000000000,0.000000000,0.000000000,0.000000000,0.000000000,0.000000000,0.000000000,0.000000000,0.000000000,0.000000000,0.000000000,0.000000000,0.000000000,0.000000000,0.000000000,0.000000000,0.000000000,0.999203502,0.000000000,0.000000000,0.039904397,0.045589227,-0.444493592,5.778440952,1688478832.464349985
1688478832.549221,663.500000000,291.500000000,0.000000000,651.000000000,277.000000000,0.000000000,676.000000000,279.000000000,0.000000000,674.000000000,304.000000000,0.000000000,649.000000000,302.000000000,0.000000000,0.000000000,0.000000000,0.000000000,0.000000000,0.000000000,0.000000000,0.000000000,0.000000000,0.000000000,0.000000000,0.000000000,0.000000000,0.000000000,0.000000000,0.000000000,0.000000000,0.000000000,0.000000000,0.000000000,0.000000000,0.000000000,0.000000000,0.000000000,0.000000000,0.000000000,0.000000000,0.000000000,0.000000000,0.000000000,0.000000000,0.000000000,0.000000000,0.000000000,0.000000000,0.000000000,0.000000000,0.000000000,0.000000000,0.000000000,0.999203502,0.000000000,0.000000000,0.039904397,0.045589227,-0.444493592,5.778440952,1688478832.497711182
1688478832.581146,,,,,,,,,,,,,,,,,,,,,,,,,,,,,,,,,,,,,,,,,,,,,,,,,,,,,,,,,,,,,,1688478832.531072617
1688478832.615853,663.500000000,291.500000000,0.000000000,651.000000000,277.000000000,0.000000000,676.000000000,279.000000000,0.000000000,674.000000000,304.000000000,0.000000000,649.000000000,302.000000000,0.000000000,0.000000000,0.000000000,0.000000000,0.000000000,0.000000000,0.000000000,0.000000000,0.000000000,0.000000000,0.000000000,0.000000000,0.000000000,0.000000000,0.000000000,0.000000000,0.000000000,0.000000000,0.000000000,0.000000000,0.000000000,0.000000000,0.000000000,0.000000000,0.000000000,0.000000000,0.000000000,0.000000000,0.000000000,0.000000000,0.000000000,0.000000000,0.000000000,0.000000000,0.000000000,0.000000000,0.000000000,0.000000000,0.000000000,0.000000000,0.999203502,0.000000000,0.000000000,0.039904397,0.045589227,-0.444493592,5.778440952,1688478832.564433813
1688478832.646820,,,,,,,,,,,,,,,,,,,,,,,,,,,,,,,,,,,,,,,,,,,,,,,,,,,,,,,,,,,,,,1688478832.597795248
1688478832.681788,663.500000000,291.500000000,0.000000000,651.000000000,277.000000000,0.000000000,676.000000000,279.000000000,0.000000000,674.000000000,304.000000000,0.000000000,649.000000000,302.000000000,0.000000000,0.000000000,0.000000000,0.000000000,0.000000000,0.000000000,0.000000000,0.000000000,0.000000000,0.000000000,0.000000000,0.000000000,0.000000000,0.000000000,0.000000000,0.000000000,0.000000000,0.000000000,0.000000000,0.000000000,0.000000000,0.000000000,0.000000000,0.000000000,0.000000000,0.000000000,0.000000000,0.000000000,0.000000000,0.000000000,0.000000000,0.000000000,0.000000000,0.000000000,0.000000000,0.000000000,0.000000000,0.000000000,0.000000000,0.000000000,0.999203502,0.000000000,0.000000000,0.039904397,0.045589227,-0.444493592,5.778440952,1688478832.631156445
1688478832.715392,,,,,,,,,,,,,,,,,,,,,,,,,,,,,,,,,,,,,,,,,,,,,,,,,,,,,,,,,,,,,,1688478832.664517879
1688478832.751396,,,,,,,,,,,,,,,,,,,,,,,,,,,,,,,,,,,,,,,,,,,,,,,,,,,,,,,,,,,,,,1688478832.697879076
1688478832.786978,663.500000000,291.500000000,0.000000000,651.000000000,277.000000000,0.000000000,676.000000000,279.000000000,0.000000000,674.000000000,304.000000000,0.000000000,649.000000000,302.000000000,0.000000000,0.000000000,0.000000000,0.000000000,0.000000000,0.000000000,0.000000000,0.000000000,0.000000000,0.000000000,0.000000000,0.000000000,0.000000000,0.000000000,0.000000000,0.000000000,0.000000000,0.000000000,0.000000000,0.000000000,0.000000000,0.000000000,0.000000000,0.000000000,0.000000000,0.000000000,0.000000000,0.000000000,0.000000000,0.000000000,0.000000000,0.000000000,0.000000000,0.000000000,0.000000000,0.000000000,0.000000000,0.000000000,0.000000000,0.000000000,0.999203502,0.000000000,0.000000000,0.039904397,0.045589227,-0.444493592,5.778440952,1688478832.731240511
1688478832.816869,,,,,,,,,,,,,,,,,,,,,,,,,,,,,,,,,,,,,,,,,,,,,,,,,,,,,,,,,,,,,,1688478832.764601707
1688478832.853666,663.500000000,291.500000000,0.000000000,651.000000000,277.000000000,0.000000000,676.000000000,279.000000000,0.000000000,674.000000000,304.000000000,0.000000000,649.000000000,302.000000000,0.000000000,0.000000000,0.000000000,0.000000000,0.000000000,0.000000000,0.000000000,0.000000000,0.000000000,0.000000000,0.000000000,0.000000000,0.000000000,0.000000000,0.000000000,0.000000000,0.000000000,0.000000000,0.000000000,0.000000000,0.000000000,0.000000000,0.000000000,0.000000000,0.000000000,0.000000000,0.000000000,0.000000000,0.000000000,0.000000000,0.000000000,0.000000000,0.000000000,0.000000000,0.000000000,0.000000000,0.000000000,0.000000000,0.000000000,0.000000000,0.999203502,0.000000000,0.000000000,0.039904397,0.045589227,-0.444493592,5.778440952,1688478832.797963142
1688478832.885501,,,,,,,,,,,,,,,,,,,,,,,,,,,,,,,,,,,,,,,,,,,,,,,,,,,,,,,,,,,,,,1688478832.831324816
1688478832.919474,,,,,,,,,,,,,,,,,,,,,,,,,,,,,,,,,,,,,,,,,,,,,,,,,,,,,,,,,,,,,,1688478832.864686012
1688478832.961447,663.500000000,291.500000000,0.000000000,651.000000000,277.000000000,0.000000000,676.000000000,279.000000000,0.000000000,674.000000000,304.000000000,0.000000000,649.000000000,302.000000000,0.000000000,0.000000000,0.000000000,0.000000000,0.000000000,0.000000000,0.000000000,0.000000000,0.000000000,0.000000000,0.000000000,0.000000000,0.000000000,0.000000000,0.000000000,0.000000000,0.000000000,0.000000000,0.000000000,0.000000000,0.000000000,0.000000000,0.000000000,0.000000000,0.000000000,0.000000000,0.000000000,0.000000000,0.000000000,0.000000000,0.000000000,0.000000000,0.000000000,0.000000000,0.000000000,0.000000000,0.000000000,0.000000000,0.000000000,0.000000000,0.999203502,0.000000000,0.000000000,0.039904397,0.045589227,-0.444493592,5.778440952,1688478832.898047686
1688478832.988276,,,,,,,,,,,,,,,,,,,,,,,,,,,,,,,,,,,,,,,,,,,,,,,,,,,,,,,,,,,,,,1688478832.931409121
1688478833.016573,,,,,,,,,,,,,,,,,,,,,,,,,,,,,,,,,,,,,,,,,,,,,,,,,,,,,,,,,,,,,,1688478832.964770555
1688478833.048740,,,,,,,,,,,,,,,,,,,,,,,,,,,,,,,,,,,,,,,,,,,,,,,,,,,,,,,,,,,,,,1688478832.998131990
1688478833.082253,,,,,,,,,,,,,,,,,,,,,,,,,,,,,,,,,,,,,,,,,,,,,,,,,,,,,,,,,,,,,,1688478833.031493664
1688478833.116444,,,,,,,,,,,,,,,,,,,,,,,,,,,,,,,,,,,,,,,,,,,,,,,,,,,,,,,,,,,,,,1688478833.064855337
1688478833.151943,663.500000000,291.500000000,0.000000000,651.000000000,277.000000000,0.000000000,676.000000000,279.000000000,0.000000000,674.000000000,304.000000000,0.000000000,649.000000000,302.000000000,0.000000000,0.000000000,0.000000000,0.000000000,0.000000000,0.000000000,0.000000000,0.000000000,0.000000000,0.000000000,0.000000000,0.000000000,0.000000000,0.000000000,0.000000000,0.000000000,0.000000000,0.000000000,0.000000000,0.000000000,0.000000000,0.000000000,0.000000000,0.000000000,0.000000000,0.000000000,0.000000000,0.000000000,0.000000000,0.000000000,0.000000000,0.000000000,0.000000000,0.000000000,0.000000000,0.000000000,0.000000000,0.000000000,0.000000000,0.000000000,0.999203502,0.000000000,0.000000000,0.039904397,0.045589227,-0.444493592,5.778440952,1688478833.098216772
1688478833.184013,,,,,,,,,,,,,,,,,,,,,,,,,,,,,,,,,,,,,,,,,,,,,,,,,,,,,,,,,,,,,,1688478833.131578445
1688478833.216433,,,,,,,,,,,,,,,,,,,,,,,,,,,,,,,,,,,,,,,,,,,,,,,,,,,,,,,,,,,,,,1688478833.164939880
1688478833.253314,663.500000000,291.500000000,0.000000000,651.000000000,277.000000000,0.000000000,676.000000000,279.000000000,0.000000000,674.000000000,304.000000000,0.000000000,649.000000000,302.000000000,0.000000000,0.000000000,0.000000000,0.000000000,0.000000000,0.000000000,0.000000000,0.000000000,0.000000000,0.000000000,0.000000000,0.000000000,0.000000000,0.000000000,0.000000000,0.000000000,0.000000000,0.000000000,0.000000000,0.000000000,0.000000000,0.000000000,0.000000000,0.000000000,0.000000000,0.000000000,0.000000000,0.000000000,0.000000000,0.000000000,0.000000000,0.000000000,0.000000000,0.000000000,0.000000000,0.000000000,0.000000000,0.000000000,0.000000000,0.000000000,0.999203502,0.000000000,0.000000000,0.039904397,0.045589227,-0.444493592,5.778440952,1688478833.198301792
1688478833.284127,663.500000000,291.500000000,0.000000000,651.000000000,277.000000000,0.000000000,676.000000000,279.000000000,0.000000000,674.000000000,304.000000000,0.000000000,649.000000000,302.000000000,0.000000000,0.000000000,0.000000000,0.000000000,0.000000000,0.000000000,0.000000000,0.000000000,0.000000000,0.000000000,0.000000000,0.000000000,0.000000000,0.000000000,0.000000000,0.000000000,0.000000000,0.000000000,0.000000000,0.000000000,0.000000000,0.000000000,0.000000000,0.000000000,0.000000000,0.000000000,0.000000000,0.000000000,0.000000000,0.000000000,0.000000000,0.000000000,0.000000000,0.000000000,0.000000000,0.000000000,0.000000000,0.000000000,0.000000000,0.000000000,0.999203502,0.000000000,0.000000000,0.039904397,0.045589227,-0.444493592,5.778440952,1688478833.231663227
1688478833.320101,663.500000000,291.500000000,0.000000000,651.000000000,277.000000000,0.000000000,676.000000000,279.000000000,0.000000000,674.000000000,304.000000000,0.000000000,649.000000000,302.000000000,0.000000000,0.000000000,0.000000000,0.000000000,0.000000000,0.000000000,0.000000000,0.000000000,0.000000000,0.000000000,0.000000000,0.000000000,0.000000000,0.000000000,0.000000000,0.000000000,0.000000000,0.000000000,0.000000000,0.000000000,0.000000000,0.000000000,0.000000000,0.000000000,0.000000000,0.000000000,0.000000000,0.000000000,0.000000000,0.000000000,0.000000000,0.000000000,0.000000000,0.000000000,0.000000000,0.000000000,0.000000000,0.000000000,0.000000000,0.000000000,0.999203502,0.000000000,0.000000000,0.039904397,0.045589227,-0.444493592,5.778440952,1688478833.265024900
1688478833.350578,663.000000000,291.500000000,0.000000000,650.000000000,277.000000000,0.000000000,676.000000000,279.000000000,0.000000000,675.000000000,304.000000000,0.000000000,649.000000000,302.000000000,0.000000000,0.000000000,0.000000000,0.000000000,0.000000000,0.000000000,0.000000000,0.000000000,0.000000000,0.000000000,0.000000000,0.000000000,0.000000000,0.000000000,0.000000000,0.000000000,0.000000000,0.000000000,0.000000000,0.000000000,0.000000000,0.000000000,0.000000000,0.000000000,0.000000000,0.000000000,0.000000000,0.000000000,0.000000000,0.000000000,0.000000000,0.000000000,0.000000000,0.000000000,0.000000000,0.000000000,0.000000000,0.000000000,0.000000000,0.000000000,0.999568517,0.000000000,0.000000000,0.029373128,0.044762760,-0.436435521,5.673686028,1688478833.298386812
1688478833.383749,663.500000000,291.500000000,0.000000000,651.000000000,277.000000000,0.000000000,676.000000000,279.000000000,0.000000000,674.000000000,304.000000000,0.000000000,649.000000000,302.000000000,0.000000000,0.000000000,0.000000000,0.000000000,0.000000000,0.000000000,0.000000000,0.000000000,0.000000000,0.000000000,0.000000000,0.000000000,0.000000000,0.000000000,0.000000000,0.000000000,0.000000000,0.000000000,0.000000000,0.000000000,0.000000000,0.000000000,0.000000000,0.000000000,0.000000000,0.000000000,0.000000000,0.000000000,0.000000000,0.000000000,0.000000000,0.000000000,0.000000000,0.000000000,0.000000000,0.000000000,0.000000000,0.000000000,0.000000000,0.000000000,0.999203502,0.000000000,0.000000000,0.039904397,0.045589227,-0.444493592,5.778440952,1688478833.331748247
1688478833.416785,663.500000000,291.500000000,0.000000000,651.000000000,277.000000000,0.000000000,676.000000000,279.000000000,0.000000000,674.000000000,304.000000000,0.000000000,649.000000000,302.000000000,0.000000000,0.000000000,0.000000000,0.000000000,0.000000000,0.000000000,0.000000000,0.000000000,0.000000000,0.000000000,0.000000000,0.000000000,0.000000000,0.000000000,0.000000000,0.000000000,0.000000000,0.000000000,0.000000000,0.000000000,0.000000000,0.000000000,0.000000000,0.000000000,0.000000000,0.000000000,0.000000000,0.000000000,0.000000000,0.000000000,0.000000000,0.000000000,0.000000000,0.000000000,0.000000000,0.000000000,0.000000000,0.000000000,0.000000000,0.000000000,0.999203502,0.000000000,0.000000000,0.039904397,0.045589227,-0.444493592,5.778440952,1688478833.365110159
1688478833.447704,,,,,,,,,,,,,,,,,,,,,,,,,,,,,,,,,,,,,,,,,,,,,,,,,,,,,,,,,,,,,,1688478833.398471594
1688478833.484712,,,,,,,,,,,,,,,,,,,,,,,,,,,,,,,,,,,,,,,,,,,,,,,,,,,,,,,,,,,,,,1688478833.431828499
1688478833.518197,,,,,,,,,,,,,,,,,,,,,,,,,,,,,,,,,,,,,,,,,,,,,,,,,,,,,,,,,,,,,,1688478833.465185642
1688478833.555537,,,,,,,,,,,,,,,,,,,,,,,,,,,,,,,,,,,,,,,,,,,,,,,,,,,,,,,,,,,,,,1688478833.498542547
1688478833.589741,,,,,,,,,,,,,,,,,,,,,,,,,,,,,,,,,,,,,,,,,,,,,,,,,,,,,,,,,,,,,,1688478833.531899452
1688478833.628500,663.500000000,291.500000000,0.000000000,651.000000000,277.000000000,0.000000000,676.000000000,279.000000000,0.000000000,674.000000000,304.000000000,0.000000000,649.000000000,302.000000000,0.000000000,0.000000000,0.000000000,0.000000000,0.000000000,0.000000000,0.000000000,0.000000000,0.000000000,0.000000000,0.000000000,0.000000000,0.000000000,0.000000000,0.000000000,0.000000000,0.000000000,0.000000000,0.000000000,0.000000000,0.000000000,0.000000000,0.000000000,0.000000000,0.000000000,0.000000000,0.000000000,0.000000000,0.000000000,0.000000000,0.000000000,0.000000000,0.000000000,0.000000000,0.000000000,0.000000000,0.000000000,0.000000000,0.000000000,0.000000000,0.999203502,0.000000000,0.000000000,0.039904397,0.045589227,-0.444493592,5.778440952,1688478833.565256357
1688478833.649985,,,,,,,,,,,,,,,,,,,,,,,,,,,,,,,,,,,,,,,,,,,,,,,,,,,,,,,,,,,,,,1688478833.598613024
1688478833.681521,,,,,,,,,,,,,,,,,,,,,,,,,,,,,,,,,,,,,,,,,,,,,,,,,,,,,,,,,,,,,,1688478833.631969929
1688478833.716788,663.500000000,291.500000000,0.000000000,651.000000000,277.000000000,0.000000000,676.000000000,279.000000000,0.000000000,674.000000000,304.000000000,0.000000000,649.000000000,302.000000000,0.000000000,0.000000000,0.000000000,0.000000000,0.000000000,0.000000000,0.000000000,0.000000000,0.000000000,0.000000000,0.000000000,0.000000000,0.000000000,0.000000000,0.000000000,0.000000000,0.000000000,0.000000000,0.000000000,0.000000000,0.000000000,0.000000000,0.000000000,0.000000000,0.000000000,0.000000000,0.000000000,0.000000000,0.000000000,0.000000000,0.000000000,0.000000000,0.000000000,0.000000000,0.000000000,0.000000000,0.000000000,0.000000000,0.000000000,0.000000000,0.999203502,0.000000000,0.000000000,0.039904397,0.045589227,-0.444493592,5.778440952,1688478833.665326834
1688478833.748787,663.500000000,291.500000000,0.000000000,651.000000000,277.000000000,0.000000000,676.000000000,279.000000000,0.000000000,674.000000000,304.000000000,0.000000000,649.000000000,302.000000000,0.000000000,0.000000000,0.000000000,0.000000000,0.000000000,0.000000000,0.000000000,0.000000000,0.000000000,0.000000000,0.000000000,0.000000000,0.000000000,0.000000000,0.000000000,0.000000000,0.000000000,0.000000000,0.000000000,0.000000000,0.000000000,0.000000000,0.000000000,0.000000000,0.000000000,0.000000000,0.000000000,0.000000000,0.000000000,0.000000000,0.000000000,0.000000000,0.000000000,0.000000000,0.000000000,0.000000000,0.000000000,0.000000000,0.000000000,0.000000000,0.999203502,0.000000000,0.000000000,0.039904397,0.045589227,-0.444493592,5.778440952,1688478833.698683500
1688478833.783771,,,,,,,,,,,,,,,,,,,,,,,,,,,,,,,,,,,,,,,,,,,,,,,,,,,,,,,,,,,,,,1688478833.732040644
1688478833.816227,,,,,,,,,,,,,,,,,,,,,,,,,,,,,,,,,,,,,,,,,,,,,,,,,,,,,,,,,,,,,,1688478833.765397310
1688478833.850011,,,,,,,,,,,,,,,,,,,,,,,,,,,,,,,,,,,,,,,,,,,,,,,,,,,,,,,,,,,,,,1688478833.798754215
1688478833.884604,,,,,,,,,,,,,,,,,,,,,,,,,,,,,,,,,,,,,,,,,,,,,,,,,,,,,,,,,,,,,,1688478833.832111120
1688478833.918495,,,,,,,,,,,,,,,,,,,,,,,,,,,,,,,,,,,,,,,,,,,,,,,,,,,,,,,,,,,,,,1688478833.865467787
1688478833.960569,663.500000000,291.500000000,0.000000000,651.000000000,277.000000000,0.000000000,676.000000000,279.000000000,0.000000000,674.000000000,304.000000000,0.000000000,649.000000000,302.000000000,0.000000000,0.000000000,0.000000000,0.000000000,0.000000000,0.000000000,0.000000000,0.000000000,0.000000000,0.000000000,0.000000000,0.000000000,0.000000000,0.000000000,0.000000000,0.000000000,0.000000000,0.000000000,0.000000000,0.000000000,0.000000000,0.000000000,0.000000000,0.000000000,0.000000000,0.000000000,0.000000000,0.000000000,0.000000000,0.000000000,0.000000000,0.000000000,0.000000000,0.000000000,0.000000000,0.000000000,0.000000000,0.000000000,0.000000000,0.000000000,0.999203502,0.000000000,0.000000000,0.039904397,0.045589227,-0.444493592,5.778440952,1688478833.898824692
1688478833.986100,,,,,,,,,,,,,,,,,,,,,,,,,,,,,,,,,,,,,,,,,,,,,,,,,,,,,,,,,,,,,,1688478833.932181358
1688478834.019747,663.500000000,291.500000000,0.000000000,651.000000000,277.000000000,0.000000000,676.000000000,279.000000000,0.000000000,674.000000000,304.000000000,0.000000000,649.000000000,302.000000000,0.000000000,0.000000000,0.000000000,0.000000000,0.000000000,0.000000000,0.000000000,0.000000000,0.000000000,0.000000000,0.000000000,0.000000000,0.000000000,0.000000000,0.000000000,0.000000000,0.000000000,0.000000000,0.000000000,0.000000000,0.000000000,0.000000000,0.000000000,0.000000000,0.000000000,0.000000000,0.000000000,0.000000000,0.000000000,0.000000000,0.000000000,0.000000000,0.000000000,0.000000000,0.000000000,0.000000000,0.000000000,0.000000000,0.000000000,0.000000000,0.999203502,0.000000000,0.000000000,0.039904397,0.045589227,-0.444493592,5.778440952,1688478833.965538025
1688478834.050849,,,,,,,,,,,,,,,,,,,,,,,,,,,,,,,,,,,,,,,,,,,,,,,,,,,,,,,,,,,,,,1688478833.998894930
1688478834.083820,,,,,,,,,,,,,,,,,,,,,,,,,,,,,,,,,,,,,,,,,,,,,,,,,,,,,,,,,,,,,,1688478834.032251596
1688478834.129198,663.500000000,291.500000000,0.000000000,651.000000000,277.000000000,0.000000000,676.000000000,279.000000000,0.000000000,674.000000000,304.000000000,0.000000000,649.000000000,302.000000000,0.000000000,0.000000000,0.000000000,0.000000000,0.000000000,0.000000000,0.000000000,0.000000000,0.000000000,0.000000000,0.000000000,0.000000000,0.000000000,0.000000000,0.000000000,0.000000000,0.000000000,0.000000000,0.000000000,0.000000000,0.000000000,0.000000000,0.000000000,0.000000000,0.000000000,0.000000000,0.000000000,0.000000000,0.000000000,0.000000000,0.000000000,0.000000000,0.000000000,0.000000000,0.000000000,0.000000000,0.000000000,0.000000000,0.000000000,0.000000000,0.999203502,0.000000000,0.000000000,0.039904397,0.045589227,-0.444493592,5.778440952,1688478834.065608740
1688478834.151641,,,,,,,,,,,,,,,,,,,,,,,,,,,,,,,,,,,,,,,,,,,,,,,,,,,,,,,,,,,,,,1688478834.098965406
1688478834.186435,663.500000000,291.500000000,0.000000000,651.000000000,277.000000000,0.000000000,676.000000000,279.000000000,0.000000000,674.000000000,304.000000000,0.000000000,649.000000000,302.000000000,0.000000000,0.000000000,0.000000000,0.000000000,0.000000000,0.000000000,0.000000000,0.000000000,0.000000000,0.000000000,0.000000000,0.000000000,0.000000000,0.000000000,0.000000000,0.000000000,0.000000000,0.000000000,0.000000000,0.000000000,0.000000000,0.000000000,0.000000000,0.000000000,0.000000000,0.000000000,0.000000000,0.000000000,0.000000000,0.000000000,0.000000000,0.000000000,0.000000000,0.000000000,0.000000000,0.000000000,0.000000000,0.000000000,0.000000000,0.000000000,0.999203502,0.000000000,0.000000000,0.039904397,0.045589227,-0.444493592,5.778440952,1688478834.132322073
1688478834.217072,,,,,,,,,,,,,,,,,,,,,,,,,,,,,,,,,,,,,,,,,,,,,,,,,,,,,,,,,,,,,,1688478834.165678740
1688478834.250513,,,,,,,,,,,,,,,,,,,,,,,,,,,,,,,,,,,,,,,,,,,,,,,,,,,,,,,,,,,,,,1688478834.199035645
1688478834.294858,663.500000000,291.500000000,0.000000000,651.000000000,277.000000000,0.000000000,676.000000000,279.000000000,0.000000000,674.000000000,304.000000000,0.000000000,649.000000000,302.000000000,0.000000000,0.000000000,0.000000000,0.000000000,0.000000000,0.000000000,0.000000000,0.000000000,0.000000000,0.000000000,0.000000000,0.000000000,0.000000000,0.000000000,0.000000000,0.000000000,0.000000000,0.000000000,0.000000000,0.000000000,0.000000000,0.000000000,0.000000000,0.000000000,0.000000000,0.000000000,0.000000000,0.000000000,0.000000000,0.000000000,0.000000000,0.000000000,0.000000000,0.000000000,0.000000000,0.000000000,0.000000000,0.000000000,0.000000000,0.000000000,0.999203502,0.000000000,0.000000000,0.039904397,0.045589227,-0.444493592,5.778440952,1688478834.232392311
1688478834.328251,663.000000000,291.500000000,0.000000000,650.000000000,277.000000000,0.000000000,676.000000000,279.000000000,0.000000000,675.000000000,304.000000000,0.000000000,649.000000000,302.000000000,0.000000000,0.000000000,0.000000000,0.000000000,0.000000000,0.000000000,0.000000000,0.000000000,0.000000000,0.000000000,0.000000000,0.000000000,0.000000000,0.000000000,0.000000000,0.000000000,0.000000000,0.000000000,0.000000000,0.000000000,0.000000000,0.000000000,0.000000000,0.000000000,0.000000000,0.000000000,0.000000000,0.000000000,0.000000000,0.000000000,0.000000000,0.000000000,0.000000000,0.000000000,0.000000000,0.000000000,0.000000000,0.000000000,0.000000000,0.000000000,0.999568517,0.000000000,0.000000000,0.029373128,0.044762760,-0.436435521,5.673686028,1688478834.265748978
1688478834.357311,663.500000000,291.500000000,0.000000000,651.000000000,277.000000000,0.000000000,676.000000000,279.000000000,0.000000000,674.000000000,304.000000000,0.000000000,649.000000000,302.000000000,0.000000000,0.000000000,0.000000000,0.000000000,0.000000000,0.000000000,0.000000000,0.000000000,0.000000000,0.000000000,0.000000000,0.000000000,0.000000000,0.000000000,0.000000000,0.000000000,0.000000000,0.000000000,0.000000000,0.000000000,0.000000000,0.000000000,0.000000000,0.000000000,0.000000000,0.000000000,0.000000000,0.000000000,0.000000000,0.000000000,0.000000000,0.000000000,0.000000000,0.000000000,0.000000000,0.000000000,0.000000000,0.000000000,0.000000000,0.000000000,0.999203502,0.000000000,0.000000000,0.039904397,0.045589227,-0.444493592,5.778440952,1688478834.299105644
1688478834.381714,,,,,,,,,,,,,,,,,,,,,,,,,,,,,,,,,,,,,,,,,,,,,,,,,,,,,,,,,,,,,,1688478834.332462311
1688478834.425944,663.500000000,291.500000000,0.000000000,651.000000000,277.000000000,0.000000000,676.000000000,279.000000000,0.000000000,674.000000000,304.000000000,0.000000000,649.000000000,302.000000000,0.000000000,0.000000000,0.000000000,0.000000000,0.000000000,0.000000000,0.000000000,0.000000000,0.000000000,0.000000000,0.000000000,0.000000000,0.000000000,0.000000000,0.000000000,0.000000000,0.000000000,0.000000000,0.000000000,0.000000000,0.000000000,0.000000000,0.000000000,0.000000000,0.000000000,0.000000000,0.000000000,0.000000000,0.000000000,0.000000000,0.000000000,0.000000000,0.000000000,0.000000000,0.000000000,0.000000000,0.000000000,0.000000000,0.000000000,0.000000000,0.999203502,0.000000000,0.000000000,0.039904397,0.045589227,-0.444493592,5.778440952,1688478834.365819454
1688478834.454985,663.500000000,291.500000000,0.000000000,651.000000000,277.000000000,0.000000000,676.000000000,279.000000000,0.000000000,674.000000000,304.000000000,0.000000000,649.000000000,302.000000000,0.000000000,0.000000000,0.000000000,0.000000000,0.000000000,0.000000000,0.000000000,0.000000000,0.000000000,0.000000000,0.000000000,0.000000000,0.000000000,0.000000000,0.000000000,0.000000000,0.000000000,0.000000000,0.000000000,0.000000000,0.000000000,0.000000000,0.000000000,0.000000000,0.000000000,0.000000000,0.000000000,0.000000000,0.000000000,0.000000000,0.000000000,0.000000000,0.000000000,0.000000000,0.000000000,0.000000000,0.000000000,0.000000000,0.000000000,0.000000000,0.999203502,0.000000000,0.000000000,0.039904397,0.045589227,-0.444493592,5.778440952,1688478834.399176121
1688478834.484303,663.500000000,291.500000000,0.000000000,651.000000000,277.000000000,0.000000000,676.000000000,279.000000000,0.000000000,674.000000000,304.000000000,0.000000000,649.000000000,302.000000000,0.000000000,0.000000000,0.000000000,0.000000000,0.000000000,0.000000000,0.000000000,0.000000000,0.000000000,0.000000000,0.000000000,0.000000000,0.000000000,0.000000000,0.000000000,0.000000000,0.000000000,0.000000000,0.000000000,0.000000000,0.000000000,0.000000000,0.000000000,0.000000000,0.000000000,0.000000000,0.000000000,0.000000000,0.000000000,0.000000000,0.000000000,0.000000000,0.000000000,0.000000000,0.000000000,0.000000000,0.000000000,0.000000000,0.000000000,0.000000000,0.999203502,0.000000000,0.000000000,0.039904397,0.045589227,-0.444493592,5.778440952,1688478834.432533264
1688478834.516453,,,,,,,,,,,,,,,,,,,,,,,,,,,,,,,,,,,,,,,,,,,,,,,,,,,,,,,,,,,,,,1688478834.465890646
1688478834.548102,,,,,,,,,,,,,,,,,,,,,,,,,,,,,,,,,,,,,,,,,,,,,,,,,,,,,,,,,,,,,,1688478834.499248028
1688478834.594946,663.500000000,291.500000000,0.000000000,651.000000000,277.000000000,0.000000000,676.000000000,279.000000000,0.000000000,674.000000000,304.000000000,0.000000000,649.000000000,302.000000000,0.000000000,0.000000000,0.000000000,0.000000000,0.000000000,0.000000000,0.000000000,0.000000000,0.000000000,0.000000000,0.000000000,0.000000000,0.000000000,0.000000000,0.000000000,0.000000000,0.000000000,0.000000000,0.000000000,0.000000000,0.000000000,0.000000000,0.000000000,0.000000000,0.000000000,0.000000000,0.000000000,0.000000000,0.000000000,0.000000000,0.000000000,0.000000000,0.000000000,0.000000000,0.000000000,0.000000000,0.000000000,0.000000000,0.000000000,0.000000000,0.999203502,0.000000000,0.000000000,0.039904397,0.045589227,-0.444493592,5.778440952,1688478834.532605171
1688478834.618206,,,,,,,,,,,,,,,,,,,,,,,,,,,,,,,,,,,,,,,,,,,,,,,,,,,,,,,,,,,,,,1688478834.565962553
1688478834.651619,,,,,,,,,,,,,,,,,,,,,,,,,,,,,,,,,,,,,,,,,,,,,,,,,,,,,,,,,,,,,,1688478834.599319935
1688478834.682912,,,,,,,,,,,,,,,,,,,,,,,,,,,,,,,,,,,,,,,,,,,,,,,,,,,,,,,,,,,,,,1688478834.632677317
1688478834.722810,,,,,,,,,,,,,,,,,,,,,,,,,,,,,,,,,,,,,,,,,,,,,,,,,,,,,,,,,,,,,,1688478834.666034460
1688478834.755186,,,,,,,,,,,,,,,,,,,,,,,,,,,,,,,,,,,,,,,,,,,,,,,,,,,,,,,,,,,,,,1688478834.699391842
1688478834.789477,,,,,,,,,,,,,,,,,,,,,,,,,,,,,,,,,,,,,,,,,,,,,,,,,,,,,,,,,,,,,,1688478834.732748985
1688478834.820558,,,,,,,,,,,,,,,,,,,,,,,,,,,,,,,,,,,,,,,,,,,,,,,,,,,,,,,,,,,,,,1688478834.766106129
1688478834.853225,663.500000000,291.500000000,0.000000000,651.000000000,277.000000000,0.000000000,676.000000000,279.000000000,0.000000000,674.000000000,304.000000000,0.000000000,649.000000000,302.000000000,0.000000000,0.000000000,0.000000000,0.000000000,0.000000000,0.000000000,0.000000000,0.000000000,0.000000000,0.000000000,0.000000000,0.000000000,0.000000000,0.000000000,0.000000000,0.000000000,0.000000000,0.000000000,0.000000000,0.000000000,0.000000000,0.000000000,0.000000000,0.000000000,0.000000000,0.000000000,0.000000000,0.000000000,0.000000000,0.000000000,0.000000000,0.000000000,0.000000000,0.000000000,0.000000000,0.000000000,0.000000000,0.000000000,0.000000000,0.000000000,0.999203502,0.000000000,0.000000000,0.039904397,0.045589227,-0.444493592,5.778440952,1688478834.799463511
1688478834.894157,663.500000000,291.500000000,0.000000000,651.000000000,277.000000000,0.000000000,676.000000000,279.000000000,0.000000000,674.000000000,304.000000000,0.000000000,649.000000000,302.000000000,0.000000000,0.000000000,0.000000000,0.000000000,0.000000000,0.000000000,0.000000000,0.000000000,0.000000000,0.000000000,0.000000000,0.000000000,0.000000000,0.000000000,0.000000000,0.000000000,0.000000000,0.000000000,0.000000000,0.000000000,0.000000000,0.000000000,0.000000000,0.000000000,0.000000000,0.000000000,0.000000000,0.000000000,0.000000000,0.000000000,0.000000000,0.000000000,0.000000000,0.000000000,0.000000000,0.000000000,0.000000000,0.000000000,0.000000000,0.000000000,0.999203502,0.000000000,0.000000000,0.039904397,0.045589227,-0.444493592,5.778440952,1688478834.832820892
1688478834.923308,663.500000000,291.500000000,0.000000000,651.000000000,277.000000000,0.000000000,676.000000000,279.000000000,0.000000000,674.000000000,304.000000000,0.000000000,649.000000000,302.000000000,0.000000000,0.000000000,0.000000000,0.000000000,0.000000000,0.000000000,0.000000000,0.000000000,0.000000000,0.000000000,0.000000000,0.000000000,0.000000000,0.000000000,0.000000000,0.000000000,0.000000000,0.000000000,0.000000000,0.000000000,0.000000000,0.000000000,0.000000000,0.000000000,0.000000000,0.000000000,0.000000000,0.000000000,0.000000000,0.000000000,0.000000000,0.000000000,0.000000000,0.000000000,0.000000000,0.000000000,0.000000000,0.000000000,0.000000000,0.000000000,0.999203502,0.000000000,0.000000000,0.039904397,0.045589227,-0.444493592,5.778440952,1688478834.866178036
1688478834.949628,663.500000000,291.500000000,0.000000000,651.000000000,277.000000000,0.000000000,676.000000000,279.000000000,0.000000000,674.000000000,304.000000000,0.000000000,649.000000000,302.000000000,0.000000000,0.000000000,0.000000000,0.000000000,0.000000000,0.000000000,0.000000000,0.000000000,0.000000000,0.000000000,0.000000000,0.000000000,0.000000000,0.000000000,0.000000000,0.000000000,0.000000000,0.000000000,0.000000000,0.000000000,0.000000000,0.000000000,0.000000000,0.000000000,0.000000000,0.000000000,0.000000000,0.000000000,0.000000000,0.000000000,0.000000000,0.000000000,0.000000000,0.000000000,0.000000000,0.000000000,0.000000000,0.000000000,0.000000000,0.000000000,0.999203502,0.000000000,0.000000000,0.039904397,0.045589227,-0.444493592,5.778440952,1688478834.899535179
1688478834.982627,663.500000000,291.500000000,0.000000000,651.000000000,277.000000000,0.000000000,676.000000000,279.000000000,0.000000000,674.000000000,304.000000000,0.000000000,649.000000000,302.000000000,0.000000000,0.000000000,0.000000000,0.000000000,0.000000000,0.000000000,0.000000000,0.000000000,0.000000000,0.000000000,0.000000000,0.000000000,0.000000000,0.000000000,0.000000000,0.000000000,0.000000000,0.000000000,0.000000000,0.000000000,0.000000000,0.000000000,0.000000000,0.000000000,0.000000000,0.000000000,0.000000000,0.000000000,0.000000000,0.000000000,0.000000000,0.000000000,0.000000000,0.000000000,0.000000000,0.000000000,0.000000000,0.000000000,0.000000000,0.000000000,0.999203502,0.000000000,0.000000000,0.039904397,0.045589227,-0.444493592,5.778440952,1688478834.932892561
1688478835.015518,,,,,,,,,,,,,,,,,,,,,,,,,,,,,,,,,,,,,,,,,,,,,,,,,,,,,,,,,,,,,,1688478834.966249704
1688478835.050700,663.500000000,291.500000000,0.000000000,651.000000000,277.000000000,0.000000000,676.000000000,279.000000000,0.000000000,674.000000000,304.000000000,0.000000000,649.000000000,302.000000000,0.000000000,0.000000000,0.000000000,0.000000000,0.000000000,0.000000000,0.000000000,0.000000000,0.000000000,0.000000000,0.000000000,0.000000000,0.000000000,0.000000000,0.000000000,0.000000000,0.000000000,0.000000000,0.000000000,0.000000000,0.000000000,0.000000000,0.000000000,0.000000000,0.000000000,0.000000000,0.000000000,0.000000000,0.000000000,0.000000000,0.000000000,0.000000000,0.000000000,0.000000000,0.000000000,0.000000000,0.000000000,0.000000000,0.000000000,0.000000000,0.999203502,0.000000000,0.000000000,0.039904397,0.045589227,-0.444493592,5.778440952,1688478834.999606848
1688478835.085992,663.500000000,291.500000000,0.000000000,651.000000000,277.000000000,0.000000000,676.000000000,279.000000000,0.000000000,674.000000000,304.000000000,0.000000000,649.000000000,302.000000000,0.000000000,0.000000000,0.000000000,0.000000000,0.000000000,0.000000000,0.000000000,0.000000000,0.000000000,0.000000000,0.000000000,0.000000000,0.000000000,0.000000000,0.000000000,0.000000000,0.000000000,0.000000000,0.000000000,0.000000000,0.000000000,0.000000000,0.000000000,0.000000000,0.000000000,0.000000000,0.000000000,0.000000000,0.000000000,0.000000000,0.000000000,0.000000000,0.000000000,0.000000000,0.000000000,0.000000000,0.000000000,0.000000000,0.000000000,0.000000000,0.999203502,0.000000000,0.000000000,0.039904397,0.045589227,-0.444493592,5.778440952,1688478835.032964230
1688478835.118114,,,,,,,,,,,,,,,,,,,,,,,,,,,,,,,,,,,,,,,,,,,,,,,,,,,,,,,,,,,,,,1688478835.066321373
1688478835.156286,663.500000000,291.500000000,0.000000000,651.000000000,277.000000000,0.000000000,676.000000000,279.000000000,0.000000000,674.000000000,304.000000000,0.000000000,649.000000000,302.000000000,0.000000000,0.000000000,0.000000000,0.000000000,0.000000000,0.000000000,0.000000000,0.000000000,0.000000000,0.000000000,0.000000000,0.000000000,0.000000000,0.000000000,0.000000000,0.000000000,0.000000000,0.000000000,0.000000000,0.000000000,0.000000000,0.000000000,0.000000000,0.000000000,0.000000000,0.000000000,0.000000000,0.000000000,0.000000000,0.000000000,0.000000000,0.000000000,0.000000000,0.000000000,0.000000000,0.000000000,0.000000000,0.000000000,0.000000000,0.000000000,0.999203502,0.000000000,0.000000000,0.039904397,0.045589227,-0.444493592,5.778440952,1688478835.099678516
1688478835.186190,,,,,,,,,,,,,,,,,,,,,,,,,,,,,,,,,,,,,,,,,,,,,,,,,,,,,,,,,,,,,,1688478835.133035660
1688478835.221595,663.500000000,291.500000000,0.000000000,651.000000000,277.000000000,0.000000000,676.000000000,279.000000000,0.000000000,674.000000000,304.000000000,0.000000000,649.000000000,302.000000000,0.000000000,0.000000000,0.000000000,0.000000000,0.000000000,0.000000000,0.000000000,0.000000000,0.000000000,0.000000000,0.000000000,0.000000000,0.000000000,0.000000000,0.000000000,0.000000000,0.000000000,0.000000000,0.000000000,0.000000000,0.000000000,0.000000000,0.000000000,0.000000000,0.000000000,0.000000000,0.000000000,0.000000000,0.000000000,0.000000000,0.000000000,0.000000000,0.000000000,0.000000000,0.000000000,0.000000000,0.000000000,0.000000000,0.000000000,0.000000000,0.999203502,0.000000000,0.000000000,0.039904397,0.045589227,-0.444493592,5.778440952,1688478835.166392803
1688478835.252482,,,,,,,,,,,,,,,,,,,,,,,,,,,,,,,,,,,,,,,,,,,,,,,,,,,,,,,,,,,,,,1688478835.199749947
1688478835.286362,663.500000000,291.500000000,0.000000000,651.000000000,277.000000000,0.000000000,676.000000000,279.000000000,0.000000000,674.000000000,304.000000000,0.000000000,649.000000000,302.000000000,0.000000000,0.000000000,0.000000000,0.000000000,0.000000000,0.000000000,0.000000000,0.000000000,0.000000000,0.000000000,0.000000000,0.000000000,0.000000000,0.000000000,0.000000000,0.000000000,0.000000000,0.000000000,0.000000000,0.000000000,0.000000000,0.000000000,0.000000000,0.000000000,0.000000000,0.000000000,0.000000000,0.000000000,0.000000000,0.000000000,0.000000000,0.000000000,0.000000000,0.000000000,0.000000000,0.000000000,0.000000000,0.000000000,0.000000000,0.000000000,0.999203502,0.000000000,0.000000000,0.039904397,0.045589227,-0.444493592,5.778440952,1688478835.233107090
1688478835.319718,663.500000000,291.500000000,0.000000000,651.000000000,277.000000000,0.000000000,676.000000000,279.000000000,0.000000000,674.000000000,304.000000000,0.000000000,649.000000000,302.000000000,0.000000000,0.000000000,0.000000000,0.000000000,0.000000000,0.000000000,0.000000000,0.000000000,0.000000000,0.000000000,0.000000000,0.000000000,0.000000000,0.000000000,0.000000000,0.000000000,0.000000000,0.000000000,0.000000000,0.000000000,0.000000000,0.000000000,0.000000000,0.000000000,0.000000000,0.000000000,0.000000000,0.000000000,0.000000000,0.000000000,0.000000000,0.000000000,0.000000000,0.000000000,0.000000000,0.000000000,0.000000000,0.000000000,0.000000000,0.000000000,0.999203502,0.000000000,0.000000000,0.039904397,0.045589227,-0.444493592,5.778440952,1688478835.266463995
1688478835.357710,663.500000000,291.500000000,0.000000000,651.000000000,277.000000000,0.000000000,676.000000000,279.000000000,0.000000000,674.000000000,304.000000000,0.000000000,649.000000000,302.000000000,0.000000000,0.000000000,0.000000000,0.000000000,0.000000000,0.000000000,0.000000000,0.000000000,0.000000000,0.000000000,0.000000000,0.000000000,0.000000000,0.000000000,0.000000000,0.000000000,0.000000000,0.000000000,0.000000000,0.000000000,0.000000000,0.000000000,0.000000000,0.000000000,0.000000000,0.000000000,0.000000000,0.000000000,0.000000000,0.000000000,0.000000000,0.000000000,0.000000000,0.000000000,0.000000000,0.000000000,0.000000000,0.000000000,0.000000000,0.000000000,0.999203502,0.000000000,0.000000000,0.039904397,0.045589227,-0.444493592,5.778440952,1688478835.299821377
1688478835.386529,,,,,,,,,,,,,,,,,,,,,,,,,,,,,,,,,,,,,,,,,,,,,,,,,,,,,,,,,,,,,,1688478835.333178520
1688478835.420851,,,,,,,,,,,,,,,,,,,,,,,,,,,,,,,,,,,,,,,,,,,,,,,,,,,,,,,,,,,,,,1688478835.366535664
1688478835.456157,,,,,,,,,,,,,,,,,,,,,,,,,,,,,,,,,,,,,,,,,,,,,,,,,,,,,,,,,,,,,,1688478835.399892807
1688478835.487647,,,,,,,,,,,,,,,,,,,,,,,,,,,,,,,,,,,,,,,,,,,,,,,,,,,,,,,,,,,,,,1688478835.433251143
1688478835.524176,663.500000000,291.500000000,0.000000000,651.000000000,277.000000000,0.000000000,676.000000000,279.000000000,0.000000000,674.000000000,304.000000000,0.000000000,649.000000000,302.000000000,0.000000000,0.000000000,0.000000000,0.000000000,0.000000000,0.000000000,0.000000000,0.000000000,0.000000000,0.000000000,0.000000000,0.000000000,0.000000000,0.000000000,0.000000000,0.000000000,0.000000000,0.000000000,0.000000000,0.000000000,0.000000000,0.000000000,0.000000000,0.000000000,0.000000000,0.000000000,0.000000000,0.000000000,0.000000000,0.000000000,0.000000000,0.000000000,0.000000000,0.000000000,0.000000000,0.000000000,0.000000000,0.000000000,0.000000000,0.000000000,0.999203502,0.000000000,0.000000000,0.039904397,0.045589227,-0.444493592,5.778440952,1688478835.466609955
1688478835.553438,,,,,,,,,,,,,,,,,,,,,,,,,,,,,,,,,,,,,,,,,,,,,,,,,,,,,,,,,,,,,,1688478835.499968529
1688478835.585166,,,,,,,,,,,,,,,,,,,,,,,,,,,,,,,,,,,,,,,,,,,,,,,,,,,,,,,,,,,,,,1688478835.533327103
1688478835.619309,663.500000000,291.500000000,0.000000000,651.000000000,277.000000000,0.000000000,676.000000000,279.000000000,0.000000000,674.000000000,304.000000000,0.000000000,649.000000000,302.000000000,0.000000000,0.000000000,0.000000000,0.000000000,0.000000000,0.000000000,0.000000000,0.000000000,0.000000000,0.000000000,0.000000000,0.000000000,0.000000000,0.000000000,0.000000000,0.000000000,0.000000000,0.000000000,0.000000000,0.000000000,0.000000000,0.000000000,0.000000000,0.000000000,0.000000000,0.000000000,0.000000000,0.000000000,0.000000000,0.000000000,0.000000000,0.000000000,0.000000000,0.000000000,0.000000000,0.000000000,0.000000000,0.000000000,0.000000000,0.000000000,0.999203502,0.000000000,0.000000000,0.039904397,0.045589227,-0.444493592,5.778440952,1688478835.566685438
1688478835.653707,663.500000000,291.500000000,0.000000000,651.000000000,277.000000000,0.000000000,676.000000000,279.000000000,0.000000000,674.000000000,304.000000000,0.000000000,649.000000000,302.000000000,0.000000000,0.000000000,0.000000000,0.000000000,0.000000000,0.000000000,0.000000000,0.000000000,0.000000000,0.000000000,0.000000000,0.000000000,0.000000000,0.000000000,0.000000000,0.000000000,0.000000000,0.000000000,0.000000000,0.000000000,0.000000000,0.000000000,0.000000000,0.000000000,0.000000000,0.000000000,0.000000000,0.000000000,0.000000000,0.000000000,0.000000000,0.000000000,0.000000000,0.000000000,0.000000000,0.000000000,0.000000000,0.000000000,0.000000000,0.000000000,0.999203502,0.000000000,0.000000000,0.039904397,0.045589227,-0.444493592,5.778440952,1688478835.600044250
1688478835.684313,,,,,,,,,,,,,,,,,,,,,,,,,,,,,,,,,,,,,,,,,,,,,,,,,,,,,,,,,,,,,,1688478835.633402824
1688478835.719635,663.000000000,291.500000000,0.000000000,650.000000000,277.000000000,0.000000000,676.000000000,279.000000000,0.000000000,674.000000000,304.000000000,0.000000000,649.000000000,302.000000000,0.000000000,0.000000000,0.000000000,0.000000000,0.000000000,0.000000000,0.000000000,0.000000000,0.000000000,0.000000000,0.000000000,0.000000000,0.000000000,0.000000000,0.000000000,0.000000000,0.000000000,0.000000000,0.000000000,0.000000000,0.000000000,0.000000000,0.000000000,0.000000000,0.000000000,0.000000000,0.000000000,0.000000000,0.000000000,0.000000000,0.000000000,0.000000000,0.000000000,0.000000000,0.000000000,0.000000000,0.000000000,0.000000000,0.000000000,0.000000000,0.874559044,0.480394752,0.057767418,0.032098081,0.033478301,-0.338766694,4.419359207,1688478835.666761398
1688478835.754360,663.500000000,291.500000000,0.000000000,651.000000000,277.000000000,0.000000000,676.000000000,279.000000000,0.000000000,674.000000000,304.000000000,0.000000000,649.000000000,302.000000000,0.000000000,0.000000000,0.000000000,0.000000000,0.000000000,0.000000000,0.000000000,0.000000000,0.000000000,0.000000000,0.000000000,0.000000000,0.000000000,0.000000000,0.000000000,0.000000000,0.000000000,0.000000000,0.000000000,0.000000000,0.000000000,0.000000000,0.000000000,0.000000000,0.000000000,0.000000000,0.000000000,0.000000000,0.000000000,0.000000000,0.000000000,0.000000000,0.000000000,0.000000000,0.000000000,0.000000000,0.000000000,0.000000000,0.000000000,0.000000000,0.999203502,0.000000000,0.000000000,0.039904397,0.045589227,-0.444493592,5.778440952,1688478835.700119972
1688478835.784012,,,,,,,,,,,,,,,,,,,,,,,,,,,,,,,,,,,,,,,,,,,,,,,,,,,,,,,,,,,,,,1688478835.733478546
1688478835.815964,,,,,,,,,,,,,,,,,,,,,,,,,,,,,,,,,,,,,,,,,,,,,,,,,,,,,,,,,,,,,,1688478835.766837120
1688478835.851201,,,,,,,,,,,,,,,,,,,,,,,,,,,,,,,,,,,,,,,,,,,,,,,,,,,,,,,,,,,,,,1688478835.800195694
1688478835.886091,663.500000000,291.500000000,0.000000000,651.000000000,277.000000000,0.000000000,676.000000000,279.000000000,0.000000000,674.000000000,304.000000000,0.000000000,649.000000000,302.000000000,0.000000000,0.000000000,0.000000000,0.000000000,0.000000000,0.000000000,0.000000000,0.000000000,0.000000000,0.000000000,0.000000000,0.000000000,0.000000000,0.000000000,0.000000000,0.000000000,0.000000000,0.000000000,0.000000000,0.000000000,0.000000000,0.000000000,0.000000000,0.000000000,0.000000000,0.000000000,0.000000000,0.000000000,0.000000000,0.000000000,0.000000000,0.000000000,0.000000000,0.000000000,0.000000000,0.000000000,0.000000000,0.000000000,0.000000000,0.000000000,0.999203502,0.000000000,0.000000000,0.039904397,0.045589227,-0.444493592,5.778440952,1688478835.833554506
1688478835.921058,663.500000000,291.500000000,0.000000000,651.000000000,277.000000000,0.000000000,676.000000000,279.000000000,0.000000000,674.000000000,304.000000000,0.000000000,649.000000000,302.000000000,0.000000000,0.000000000,0.000000000,0.000000000,0.000000000,0.000000000,0.000000000,0.000000000,0.000000000,0.000000000,0.000000000,0.000000000,0.000000000,0.000000000,0.000000000,0.000000000,0.000000000,0.000000000,0.000000000,0.000000000,0.000000000,0.000000000,0.000000000,0.000000000,0.000000000,0.000000000,0.000000000,0.000000000,0.000000000,0.000000000,0.000000000,0.000000000,0.000000000,0.000000000,0.000000000,0.000000000,0.000000000,0.000000000,0.000000000,0.000000000,0.999203502,0.000000000,0.000000000,0.039904397,0.045589227,-0.444493592,5.778440952,1688478835.866912842
1688478835.951059,,,,,,,,,,,,,,,,,,,,,,,,,,,,,,,,,,,,,,,,,,,,,,,,,,,,,,,,,,,,,,1688478835.900271416
1688478835.987830,663.500000000,291.500000000,0.000000000,651.000000000,277.000000000,0.000000000,676.000000000,279.000000000,0.000000000,674.000000000,304.000000000,0.000000000,649.000000000,302.000000000,0.000000000,0.000000000,0.000000000,0.000000000,0.000000000,0.000000000,0.000000000,0.000000000,0.000000000,0.000000000,0.000000000,0.000000000,0.000000000,0.000000000,0.000000000,0.000000000,0.000000000,0.000000000,0.000000000,0.000000000,0.000000000,0.000000000,0.000000000,0.000000000,0.000000000,0.000000000,0.000000000,0.000000000,0.000000000,0.000000000,0.000000000,0.000000000,0.000000000,0.000000000,0.000000000,0.000000000,0.000000000,0.000000000,0.000000000,0.000000000,0.999203502,0.000000000,0.000000000,0.039904397,0.045589227,-0.444493592,5.778440952,1688478835.933630228
1688478836.017908,,,,,,,,,,,,,,,,,,,,,,,,,,,,,,,,,,,,,,,,,,,,,,,,,,,,,,,,,,,,,,1688478835.966988802
1688478836.052036,,,,,,,,,,,,,,,,,,,,,,,,,,,,,,,,,,,,,,,,,,,,,,,,,,,,,,,,,,,,,,1688478836.000347376
1688478836.085799,663.500000000,291.500000000,0.000000000,651.000000000,277.000000000,0.000000000,676.000000000,279.000000000,0.000000000,674.000000000,304.000000000,0.000000000,649.000000000,302.000000000,0.000000000,0.000000000,0.000000000,0.000000000,0.000000000,0.000000000,0.000000000,0.000000000,0.000000000,0.000000000,0.000000000,0.000000000,0.000000000,0.000000000,0.000000000,0.000000000,0.000000000,0.000000000,0.000000000,0.000000000,0.000000000,0.000000000,0.000000000,0.000000000,0.000000000,0.000000000,0.000000000,0.000000000,0.000000000,0.000000000,0.000000000,0.000000000,0.000000000,0.000000000,0.000000000,0.000000000,0.000000000,0.000000000,0.000000000,0.000000000,0.999203502,0.000000000,0.000000000,0.039904397,0.045589227,-0.444493592,5.778440952,1688478836.033705950
1688478836.127671,663.500000000,291.500000000,0.000000000,651.000000000,277.000000000,0.000000000,676.000000000,279.000000000,0.000000000,674.000000000,304.000000000,0.000000000,649.000000000,302.000000000,0.000000000,0.000000000,0.000000000,0.000000000,0.000000000,0.000000000,0.000000000,0.000000000,0.000000000,0.000000000,0.000000000,0.000000000,0.000000000,0.000000000,0.000000000,0.000000000,0.000000000,0.000000000,0.000000000,0.000000000,0.000000000,0.000000000,0.000000000,0.000000000,0.000000000,0.000000000,0.000000000,0.000000000,0.000000000,0.000000000,0.000000000,0.000000000,0.000000000,0.000000000,0.000000000,0.000000000,0.000000000,0.000000000,0.000000000,0.000000000,0.999203502,0.000000000,0.000000000,0.039904397,0.045589227,-0.444493592,5.778440952,1688478836.067064524
1688478836.155665,,,,,,,,,,,,,,,,,,,,,,,,,,,,,,,,,,,,,,,,,,,,,,,,,,,,,,,,,,,,,,1688478836.100423098
1688478836.186699,,,,,,,,,,,,,,,,,,,,,,,,,,,,,,,,,,,,,,,,,,,,,,,,,,,,,,,,,,,,,,1688478836.133781672
1688478836.219212,,,,,,,,,,,,,,,,,,,,,,,,,,,,,,,,,,,,,,,,,,,,,,,,,,,,,,,,,,,,,,1688478836.167140484
1688478836.255165,663.500000000,291.500000000,0.000000000,651.000000000,277.000000000,0.000000000,676.000000000,279.000000000,0.000000000,674.000000000,304.000000000,0.000000000,649.000000000,302.000000000,0.000000000,0.000000000,0.000000000,0.000000000,0.000000000,0.000000000,0.000000000,0.000000000,0.000000000,0.000000000,0.000000000,0.000000000,0.000000000,0.000000000,0.000000000,0.000000000,0.000000000,0.000000000,0.000000000,0.000000000,0.000000000,0.000000000,0.000000000,0.000000000,0.000000000,0.000000000,0.000000000,0.000000000,0.000000000,0.000000000,0.000000000,0.000000000,0.000000000,0.000000000,0.000000000,0.000000000,0.000000000,0.000000000,0.000000000,0.000000000,0.999203502,0.000000000,0.000000000,0.039904397,0.045589227,-0.444493592,5.778440952,1688478836.200499058
1688478836.287623,663.500000000,291.500000000,0.000000000,651.000000000,277.000000000,0.000000000,676.000000000,279.000000000,0.000000000,674.000000000,304.000000000,0.000000000,649.000000000,302.000000000,0.000000000,0.000000000,0.000000000,0.000000000,0.000000000,0.000000000,0.000000000,0.000000000,0.000000000,0.000000000,0.000000000,0.000000000,0.000000000,0.000000000,0.000000000,0.000000000,0.000000000,0.000000000,0.000000000,0.000000000,0.000000000,0.000000000,0.000000000,0.000000000,0.000000000,0.000000000,0.000000000,0.000000000,0.000000000,0.000000000,0.000000000,0.000000000,0.000000000,0.000000000,0.000000000,0.000000000,0.000000000,0.000000000,0.000000000,0.000000000,0.999203502,0.000000000,0.000000000,0.039904397,0.045589227,-0.444493592,5.778440952,1688478836.233857632
1688478836.318307,,,,,,,,,,,,,,,,,,,,,,,,,,,,,,,,,,,,,,,,,,,,,,,,,,,,,,,,,,,,,,1688478836.267216206
1688478836.359486,,,,,,,,,,,,,,,,,,,,,,,,,,,,,,,,,,,,,,,,,,,,,,,,,,,,,,,,,,,,,,1688478836.300575018
1688478836.393178,663.500000000,291.500000000,0.000000000,651.000000000,277.000000000,0.000000000,676.000000000,279.000000000,0.000000000,674.000000000,304.000000000,0.000000000,649.000000000,302.000000000,0.000000000,0.000000000,0.000000000,0.000000000,0.000000000,0.000000000,0.000000000,0.000000000,0.000000000,0.000000000,0.000000000,0.000000000,0.000000000,0.000000000,0.000000000,0.000000000,0.000000000,0.000000000,0.000000000,0.000000000,0.000000000,0.000000000,0.000000000,0.000000000,0.000000000,0.000000000,0.000000000,0.000000000,0.000000000,0.000000000,0.000000000,0.000000000,0.000000000,0.000000000,0.000000000,0.000000000,0.000000000,0.000000000,0.000000000,0.000000000,0.999203502,0.000000000,0.000000000,0.039904397,0.045589227,-0.444493592,5.778440952,1688478836.333933592
1688478836.416093,,,,,,,,,,,,,,,,,,,,,,,,,,,,,,,,,,,,,,,,,,,,,,,,,,,,,,,,,,,,,,1688478836.367291927
1688478836.450053,,,,,,,,,,,,,,,,,,,,,,,,,,,,,,,,,,,,,,,,,,,,,,,,,,,,,,,,,,,,,,1688478836.400650740
1688478836.488567,663.500000000,291.500000000,0.000000000,651.000000000,277.000000000,0.000000000,676.000000000,279.000000000,0.000000000,674.000000000,304.000000000,0.000000000,649.000000000,302.000000000,0.000000000,0.000000000,0.000000000,0.000000000,0.000000000,0.000000000,0.000000000,0.000000000,0.000000000,0.000000000,0.000000000,0.000000000,0.000000000,0.000000000,0.000000000,0.000000000,0.000000000,0.000000000,0.000000000,0.000000000,0.000000000,0.000000000,0.000000000,0.000000000,0.000000000,0.000000000,0.000000000,0.000000000,0.000000000,0.000000000,0.000000000,0.000000000,0.000000000,0.000000000,0.000000000,0.000000000,0.000000000,0.000000000,0.000000000,0.000000000,0.999203502,0.000000000,0.000000000,0.039904397,0.045589227,-0.444493592,5.778440952,1688478836.434006929
1688478836.519889,663.500000000,291.500000000,0.000000000,651.000000000,277.000000000,0.000000000,676.000000000,279.000000000,0.000000000,674.000000000,304.000000000,0.000000000,649.000000000,302.000000000,0.000000000,0.000000000,0.000000000,0.000000000,0.000000000,0.000000000,0.000000000,0.000000000,0.000000000,0.000000000,0.000000000,0.000000000,0.000000000,0.000000000,0.000000000,0.000000000,0.000000000,0.000000000,0.000000000,0.000000000,0.000000000,0.000000000,0.000000000,0.000000000,0.000000000,0.000000000,0.000000000,0.000000000,0.000000000,0.000000000,0.000000000,0.000000000,0.000000000,0.000000000,0.000000000,0.000000000,0.000000000,0.000000000,0.000000000,0.000000000,0.999203502,0.000000000,0.000000000,0.039904397,0.045589227,-0.444493592,5.778440952,1688478836.467363119
1688478836.559163,,,,,,,,,,,,,,,,,,,,,,,,,,,,,,,,,,,,,,,,,,,,,,,,,,,,,,,,,,,,,,1688478836.500719070
1688478836.591284,663.500000000,291.500000000,0.000000000,651.000000000,277.000000000,0.000000000,676.000000000,279.000000000,0.000000000,674.000000000,304.000000000,0.000000000,649.000000000,302.000000000,0.000000000,0.000000000,0.000000000,0.000000000,0.000000000,0.000000000,0.000000000,0.000000000,0.000000000,0.000000000,0.000000000,0.000000000,0.000000000,0.000000000,0.000000000,0.000000000,0.000000000,0.000000000,0.000000000,0.000000000,0.000000000,0.000000000,0.000000000,0.000000000,0.000000000,0.000000000,0.000000000,0.000000000,0.000000000,0.000000000,0.000000000,0.000000000,0.000000000,0.000000000,0.000000000,0.000000000,0.000000000,0.000000000,0.000000000,0.000000000,0.999203502,0.000000000,0.000000000,0.039904397,0.045589227,-0.444493592,5.778440952,1688478836.534075260
1688478836.615633,,,,,,,,,,,,,,,,,,,,,,,,,,,,,,,,,,,,,,,,,,,,,,,,,,,,,,,,,,,,,,1688478836.567431450
1688478836.651353,,,,,,,,,,,,,,,,,,,,,,,,,,,,,,,,,,,,,,,,,,,,,,,,,,,,,,,,,,,,,,1688478836.600787401
1688478836.682539,,,,,,,,,,,,,,,,,,,,,,,,,,,,,,,,,,,,,,,,,,,,,,,,,,,,,,,,,,,,,,1688478836.634143591
1688478836.717966,663.500000000,291.500000000,0.000000000,651.000000000,277.000000000,0.000000000,676.000000000,279.000000000,0.000000000,674.000000000,304.000000000,0.000000000,649.000000000,302.000000000,0.000000000,0.000000000,0.000000000,0.000000000,0.000000000,0.000000000,0.000000000,0.000000000,0.000000000,0.000000000,0.000000000,0.000000000,0.000000000,0.000000000,0.000000000,0.000000000,0.000000000,0.000000000,0.000000000,0.000000000,0.000000000,0.000000000,0.000000000,0.000000000,0.000000000,0.000000000,0.000000000,0.000000000,0.000000000,0.000000000,0.000000000,0.000000000,0.000000000,0.000000000,0.000000000,0.000000000,0.000000000,0.000000000,0.000000000,0.000000000,0.999203502,0.000000000,0.000000000,0.039904397,0.045589227,-0.444493592,5.778440952,1688478836.667499542
1688478836.750611,,,,,,,,,,,,,,,,,,,,,,,,,,,,,,,,,,,,,,,,,,,,,,,,,,,,,,,,,,,,,,1688478836.700855494
1688478836.787860,663.000000000,291.500000000,0.000000000,650.000000000,277.000000000,0.000000000,676.000000000,279.000000000,0.000000000,675.000000000,304.000000000,0.000000000,649.000000000,302.000000000,0.000000000,0.000000000,0.000000000,0.000000000,0.000000000,0.000000000,0.000000000,0.000000000,0.000000000,0.000000000,0.000000000,0.000000000,0.000000000,0.000000000,0.000000000,0.000000000,0.000000000,0.000000000,0.000000000,0.000000000,0.000000000,0.000000000,0.000000000,0.000000000,0.000000000,0.000000000,0.000000000,0.000000000,0.000000000,0.000000000,0.000000000,0.000000000,0.000000000,0.000000000,0.000000000,0.000000000,0.000000000,0.000000000,0.000000000,0.000000000,0.999568517,0.000000000,0.000000000,0.029373128,0.044762760,-0.436435521,5.673686028,1688478836.734211683
1688478836.828045,663.500000000,291.500000000,0.000000000,651.000000000,277.000000000,0.000000000,676.000000000,279.000000000,0.000000000,674.000000000,304.000000000,0.000000000,649.000000000,302.000000000,0.000000000,0.000000000,0.000000000,0.000000000,0.000000000,0.000000000,0.000000000,0.000000000,0.000000000,0.000000000,0.000000000,0.000000000,0.000000000,0.000000000,0.000000000,0.000000000,0.000000000,0.000000000,0.000000000,0.000000000,0.000000000,0.000000000,0.000000000,0.000000000,0.000000000,0.000000000,0.000000000,0.000000000,0.000000000,0.000000000,0.000000000,0.000000000,0.000000000,0.000000000,0.000000000,0.000000000,0.000000000,0.000000000,0.000000000,0.000000000,0.999203502,0.000000000,0.000000000,0.039904397,0.045589227,-0.444493592,5.778440952,1688478836.767567635
1688478836.859702,663.500000000,291.500000000,0.000000000,651.000000000,277.000000000,0.000000000,676.000000000,279.000000000,0.000000000,674.000000000,304.000000000,0.000000000,649.000000000,302.000000000,0.000000000,0.000000000,0.000000000,0.000000000,0.000000000,0.000000000,0.000000000,0.000000000,0.000000000,0.000000000,0.000000000,0.000000000,0.000000000,0.000000000,0.000000000,0.000000000,0.000000000,0.000000000,0.000000000,0.000000000,0.000000000,0.000000000,0.000000000,0.000000000,0.000000000,0.000000000,0.000000000,0.000000000,0.000000000,0.000000000,0.000000000,0.000000000,0.000000000,0.000000000,0.000000000,0.000000000,0.000000000,0.000000000,0.000000000,0.000000000,0.999203502,0.000000000,0.000000000,0.039904397,0.045589227,-0.444493592,5.778440952,1688478836.800923586
1688478836.889110,663.500000000,291.500000000,0.000000000,651.000000000,277.000000000,0.000000000,676.000000000,279.000000000,0.000000000,674.000000000,304.000000000,0.000000000,649.000000000,302.000000000,0.000000000,0.000000000,0.000000000,0.000000000,0.000000000,0.000000000,0.000000000,0.000000000,0.000000000,0.000000000,0.000000000,0.000000000,0.000000000,0.000000000,0.000000000,0.000000000,0.000000000,0.000000000,0.000000000,0.000000000,0.000000000,0.000000000,0.000000000,0.000000000,0.000000000,0.000000000,0.000000000,0.000000000,0.000000000,0.000000000,0.000000000,0.000000000,0.000000000,0.000000000,0.000000000,0.000000000,0.000000000,0.000000000,0.000000000,0.000000000,0.999203502,0.000000000,0.000000000,0.039904397,0.045589227,-0.444493592,5.778440952,1688478836.834279537
1688478836.921299,663.500000000,291.500000000,0.000000000,651.000000000,277.000000000,0.000000000,676.000000000,279.000000000,0.000000000,674.000000000,304.000000000,0.000000000,649.000000000,302.000000000,0.000000000,0.000000000,0.000000000,0.000000000,0.000000000,0.000000000,0.000000000,0.000000000,0.000000000,0.000000000,0.000000000,0.000000000,0.000000000,0.000000000,0.000000000,0.000000000,0.000000000,0.000000000,0.000000000,0.000000000,0.000000000,0.000000000,0.000000000,0.000000000,0.000000000,0.000000000,0.000000000,0.000000000,0.000000000,0.000000000,0.000000000,0.000000000,0.000000000,0.000000000,0.000000000,0.000000000,0.000000000,0.000000000,0.000000000,0.000000000,0.999203502,0.000000000,0.000000000,0.039904397,0.045589227,-0.444493592,5.778440952,1688478836.867635727
1688478836.961816,663.500000000,291.500000000,0.000000000,651.000000000,277.000000000,0.000000000,676.000000000,279.000000000,0.000000000,674.000000000,304.000000000,0.000000000,649.000000000,302.000000000,0.000000000,0.000000000,0.000000000,0.000000000,0.000000000,0.000000000,0.000000000,0.000000000,0.000000000,0.000000000,0.000000000,0.000000000,0.000000000,0.000000000,0.000000000,0.000000000,0.000000000,0.000000000,0.000000000,0.000000000,0.000000000,0.000000000,0.000000000,0.000000000,0.000000000,0.000000000,0.000000000,0.000000000,0.000000000,0.000000000,0.000000000,0.000000000,0.000000000,0.000000000,0.000000000,0.000000000,0.000000000,0.000000000,0.000000000,0.000000000,0.999203502,0.000000000,0.000000000,0.039904397,0.045589227,-0.444493592,5.778440952,1688478836.900991678
1688478836.995293,663.500000000,291.500000000,0.000000000,651.000000000,277.000000000,0.000000000,676.000000000,279.000000000,0.000000000,674.000000000,304.000000000,0.000000000,649.000000000,302.000000000,0.000000000,0.000000000,0.000000000,0.000000000,0.000000000,0.000000000,0.000000000,0.000000000,0.000000000,0.000000000,0.000000000,0.000000000,0.000000000,0.000000000,0.000000000,0.000000000,0.000000000,0.000000000,0.000000000,0.000000000,0.000000000,0.000000000,0.000000000,0.000000000,0.000000000,0.000000000,0.000000000,0.000000000,0.000000000,0.000000000,0.000000000,0.000000000,0.000000000,0.000000000,0.000000000,0.000000000,0.000000000,0.000000000,0.000000000,0.000000000,0.999203502,0.000000000,0.000000000,0.039904397,0.045589227,-0.444493592,5.778440952,1688478836.934347630
1688478837.023255,663.500000000,291.500000000,0.000000000,651.000000000,277.000000000,0.000000000,676.000000000,279.000000000,0.000000000,674.000000000,304.000000000,0.000000000,649.000000000,302.000000000,0.000000000,0.000000000,0.000000000,0.000000000,0.000000000,0.000000000,0.000000000,0.000000000,0.000000000,0.000000000,0.000000000,0.000000000,0.000000000,0.000000000,0.000000000,0.000000000,0.000000000,0.000000000,0.000000000,0.000000000,0.000000000,0.000000000,0.000000000,0.000000000,0.000000000,0.000000000,0.000000000,0.000000000,0.000000000,0.000000000,0.000000000,0.000000000,0.000000000,0.000000000,0.000000000,0.000000000,0.000000000,0.000000000,0.000000000,0.000000000,0.999203502,0.000000000,0.000000000,0.039904397,0.045589227,-0.444493592,5.778440952,1688478836.967703581
1688478837.052263,,,,,,,,,,,,,,,,,,,,,,,,,,,,,,,,,,,,,,,,,,,,,,,,,,,,,,,,,,,,,,1688478837.001059532
1688478837.087642,663.500000000,291.500000000,0.000000000,651.000000000,277.000000000,0.000000000,676.000000000,279.000000000,0.000000000,674.000000000,304.000000000,0.000000000,649.000000000,302.000000000,0.000000000,0.000000000,0.000000000,0.000000000,0.000000000,0.000000000,0.000000000,0.000000000,0.000000000,0.000000000,0.000000000,0.000000000,0.000000000,0.000000000,0.000000000,0.000000000,0.000000000,0.000000000,0.000000000,0.000000000,0.000000000,0.000000000,0.000000000,0.000000000,0.000000000,0.000000000,0.000000000,0.000000000,0.000000000,0.000000000,0.000000000,0.000000000,0.000000000,0.000000000,0.000000000,0.000000000,0.000000000,0.000000000,0.000000000,0.000000000,0.999203502,0.000000000,0.000000000,0.039904397,0.045589227,-0.444493592,5.778440952,1688478837.034415483
1688478837.118383,,,,,,,,,,,,,,,,,,,,,,,,,,,,,,,,,,,,,,,,,,,,,,,,,,,,,,,,,,,,,,1688478837.067771435
1688478837.155479,663.500000000,291.500000000,0.000000000,651.000000000,277.000000000,0.000000000,676.000000000,279.000000000,0.000000000,674.000000000,304.000000000,0.000000000,649.000000000,302.000000000,0.000000000,0.000000000,0.000000000,0.000000000,0.000000000,0.000000000,0.000000000,0.000000000,0.000000000,0.000000000,0.000000000,0.000000000,0.000000000,0.000000000,0.000000000,0.000000000,0.000000000,0.000000000,0.000000000,0.000000000,0.000000000,0.000000000,0.000000000,0.000000000,0.000000000,0.000000000,0.000000000,0.000000000,0.000000000,0.000000000,0.000000000,0.000000000,0.000000000,0.000000000,0.000000000,0.000000000,0.000000000,0.000000000,0.000000000,0.000000000,0.999203502,0.000000000,0.000000000,0.039904397,0.045589227,-0.444493592,5.778440952,1688478837.101127148
1688478837.190614,663.500000000,291.500000000,0.000000000,651.000000000,277.000000000,0.000000000,676.000000000,279.000000000,0.000000000,674.000000000,304.000000000,0.000000000,649.000000000,302.000000000,0.000000000,0.000000000,0.000000000,0.000000000,0.000000000,0.000000000,0.000000000,0.000000000,0.000000000,0.000000000,0.000000000,0.000000000,0.000000000,0.000000000,0.000000000,0.000000000,0.000000000,0.000000000,0.000000000,0.000000000,0.000000000,0.000000000,0.000000000,0.000000000,0.000000000,0.000000000,0.000000000,0.000000000,0.000000000,0.000000000,0.000000000,0.000000000,0.000000000,0.000000000,0.000000000,0.000000000,0.000000000,0.000000000,0.000000000,0.000000000,0.999203502,0.000000000,0.000000000,0.039904397,0.045589227,-0.444493592,5.778440952,1688478837.134483099
1688478837.221064,,,,,,,,,,,,,,,,,,,,,,,,,,,,,,,,,,,,,,,,,,,,,,,,,,,,,,,,,,,,,,1688478837.167839050
1688478837.256995,663.500000000,291.500000000,0.000000000,651.000000000,277.000000000,0.000000000,676.000000000,279.000000000,0.000000000,674.000000000,304.000000000,0.000000000,649.000000000,302.000000000,0.000000000,0.000000000,0.000000000,0.000000000,0.000000000,0.000000000,0.000000000,0.000000000,0.000000000,0.000000000,0.000000000,0.000000000,0.000000000,0.000000000,0.000000000,0.000000000,0.000000000,0.000000000,0.000000000,0.000000000,0.000000000,0.000000000,0.000000000,0.000000000,0.000000000,0.000000000,0.000000000,0.000000000,0.000000000,0.000000000,0.000000000,0.000000000,0.000000000,0.000000000,0.000000000,0.000000000,0.000000000,0.000000000,0.000000000,0.000000000,0.999203502,0.000000000,0.000000000,0.039904397,0.045589227,-0.444493592,5.778440952,1688478837.201195002
1688478837.290107,663.500000000,291.500000000,0.000000000,651.000000000,277.000000000,0.000000000,676.000000000,279.000000000,0.000000000,674.000000000,304.000000000,0.000000000,649.000000000,302.000000000,0.000000000,0.000000000,0.000000000,0.000000000,0.000000000,0.000000000,0.000000000,0.000000000,0.000000000,0.000000000,0.000000000,0.000000000,0.000000000,0.000000000,0.000000000,0.000000000,0.000000000,0.000000000,0.000000000,0.000000000,0.000000000,0.000000000,0.000000000,0.000000000,0.000000000,0.000000000,0.000000000,0.000000000,0.000000000,0.000000000,0.000000000,0.000000000,0.000000000,0.000000000,0.000000000,0.000000000,0.000000000,0.000000000,0.000000000,0.000000000,0.999203502,0.000000000,0.000000000,0.039904397,0.045589227,-0.444493592,5.778440952,1688478837.234550714
1688478837.321664,663.500000000,291.500000000,0.000000000,651.000000000,277.000000000,0.000000000,676.000000000,279.000000000,0.000000000,674.000000000,304.000000000,0.000000000,649.000000000,302.000000000,0.000000000,0.000000000,0.000000000,0.000000000,0.000000000,0.000000000,0.000000000,0.000000000,0.000000000,0.000000000,0.000000000,0.000000000,0.000000000,0.000000000,0.000000000,0.000000000,0.000000000,0.000000000,0.000000000,0.000000000,0.000000000,0.000000000,0.000000000,0.000000000,0.000000000,0.000000000,0.000000000,0.000000000,0.000000000,0.000000000,0.000000000,0.000000000,0.000000000,0.000000000,0.000000000,0.000000000,0.000000000,0.000000000,0.000000000,0.000000000,0.999203502,0.000000000,0.000000000,0.039904397,0.045589227,-0.444493592,5.778440952,1688478837.267906666
1688478837.355762,663.500000000,291.500000000,0.000000000,651.000000000,277.000000000,0.000000000,676.000000000,279.000000000,0.000000000,674.000000000,304.000000000,0.000000000,649.000000000,302.000000000,0.000000000,0.000000000,0.000000000,0.000000000,0.000000000,0.000000000,0.000000000,0.000000000,0.000000000,0.000000000,0.000000000,0.000000000,0.000000000,0.000000000,0.000000000,0.000000000,0.000000000,0.000000000,0.000000000,0.000000000,0.000000000,0.000000000,0.000000000,0.000000000,0.000000000,0.000000000,0.000000000,0.000000000,0.000000000,0.000000000,0.000000000,0.000000000,0.000000000,0.000000000,0.000000000,0.000000000,0.000000000,0.000000000,0.000000000,0.000000000,0.999203502,0.000000000,0.000000000,0.039904397,0.045589227,-0.444493592,5.778440952,1688478837.301262617
1688478837.392044,,,,,,,,,,,,,,,,,,,,,,,,,,,,,,,,,,,,,,,,,,,,,,,,,,,,,,,,,,,,,,1688478837.334618330
1688478837.425828,663.500000000,291.500000000,0.000000000,651.000000000,277.000000000,0.000000000,676.000000000,279.000000000,0.000000000,674.000000000,304.000000000,0.000000000,649.000000000,302.000000000,0.000000000,0.000000000,0.000000000,0.000000000,0.000000000,0.000000000,0.000000000,0.000000000,0.000000000,0.000000000,0.000000000,0.000000000,0.000000000,0.000000000,0.000000000,0.000000000,0.000000000,0.000000000,0.000000000,0.000000000,0.000000000,0.000000000,0.000000000,0.000000000,0.000000000,0.000000000,0.000000000,0.000000000,0.000000000,0.000000000,0.000000000,0.000000000,0.000000000,0.000000000,0.000000000,0.000000000,0.000000000,0.000000000,0.000000000,0.000000000,0.999203502,0.000000000,0.000000000,0.039904397,0.045589227,-0.444493592,5.778440952,1688478837.367974281
1688478837.454316,,,,,,,,,,,,,,,,,,,,,,,,,,,,,,,,,,,,,,,,,,,,,,,,,,,,,,,,,,,,,,1688478837.401329994
1688478837.488302,663.500000000,291.500000000,0.000000000,651.000000000,277.000000000,0.000000000,676.000000000,279.000000000,0.000000000,674.000000000,304.000000000,0.000000000,649.000000000,302.000000000,0.000000000,0.000000000,0.000000000,0.000000000,0.000000000,0.000000000,0.000000000,0.000000000,0.000000000,0.000000000,0.000000000,0.000000000,0.000000000,0.000000000,0.000000000,0.000000000,0.000000000,0.000000000,0.000000000,0.000000000,0.000000000,0.000000000,0.000000000,0.000000000,0.000000000,0.000000000,0.000000000,0.000000000,0.000000000,0.000000000,0.000000000,0.000000000,0.000000000,0.000000000,0.000000000,0.000000000,0.000000000,0.000000000,0.000000000,0.000000000,0.999203502,0.000000000,0.000000000,0.039904397,0.045589227,-0.444493592,5.778440952,1688478837.434688091
1688478837.521068,663.500000000,291.500000000,0.000000000,651.000000000,277.000000000,0.000000000,676.000000000,279.000000000,0.000000000,674.000000000,304.000000000,0.000000000,649.000000000,302.000000000,0.000000000,0.000000000,0.000000000,0.000000000,0.000000000,0.000000000,0.000000000,0.000000000,0.000000000,0.000000000,0.000000000,0.000000000,0.000000000,0.000000000,0.000000000,0.000000000,0.000000000,0.000000000,0.000000000,0.000000000,0.000000000,0.000000000,0.000000000,0.000000000,0.000000000,0.000000000,0.000000000,0.000000000,0.000000000,0.000000000,0.000000000,0.000000000,0.000000000,0.000000000,0.000000000,0.000000000,0.000000000,0.000000000,0.000000000,0.000000000,0.999203502,0.000000000,0.000000000,0.039904397,0.045589227,-0.444493592,5.778440952,1688478837.468045950
1688478837.554184,,,,,,,,,,,,,,,,,,,,,,,,,,,,,,,,,,,,,,,,,,,,,,,,,,,,,,,,,,,,,,1688478837.501403809
1688478837.585426,,,,,,,,,,,,,,,,,,,,,,,,,,,,,,,,,,,,,,,,,,,,,,,,,,,,,,,,,,,,,,1688478837.534761667
1688478837.627318,,,,,,,,,,,,,,,,,,,,,,,,,,,,,,,,,,,,,,,,,,,,,,,,,,,,,,,,,,,,,,1688478837.568119526
1688478837.665707,663.500000000,291.500000000,0.000000000,651.000000000,277.000000000,0.000000000,676.000000000,279.000000000,0.000000000,674.000000000,304.000000000,0.000000000,649.000000000,302.000000000,0.000000000,0.000000000,0.000000000,0.000000000,0.000000000,0.000000000,0.000000000,0.000000000,0.000000000,0.000000000,0.000000000,0.000000000,0.000000000,0.000000000,0.000000000,0.000000000,0.000000000,0.000000000,0.000000000,0.000000000,0.000000000,0.000000000,0.000000000,0.000000000,0.000000000,0.000000000,0.000000000,0.000000000,0.000000000,0.000000000,0.000000000,0.000000000,0.000000000,0.000000000,0.000000000,0.000000000,0.000000000,0.000000000,0.000000000,0.000000000,0.999203502,0.000000000,0.000000000,0.039904397,0.045589227,-0.444493592,5.778440952,1688478837.601477623
1688478837.692783,,,,,,,,,,,,,,,,,,,,,,,,,,,,,,,,,,,,,,,,,,,,,,,,,,,,,,,,,,,,,,1688478837.634835482
1688478837.721292,,,,,,,,,,,,,,,,,,,,,,,,,,,,,,,,,,,,,,,,,,,,,,,,,,,,,,,,,,,,,,1688478837.668193579
1688478837.754602,,,,,,,,,,,,,,,,,,,,,,,,,,,,,,,,,,,,,,,,,,,,,,,,,,,,,,,,,,,,,,1688478837.701551437
1688478837.791493,663.500000000,291.500000000,0.000000000,651.000000000,277.000000000,0.000000000,676.000000000,279.000000000,0.000000000,674.000000000,304.000000000,0.000000000,649.000000000,302.000000000,0.000000000,0.000000000,0.000000000,0.000000000,0.000000000,0.000000000,0.000000000,0.000000000,0.000000000,0.000000000,0.000000000,0.000000000,0.000000000,0.000000000,0.000000000,0.000000000,0.000000000,0.000000000,0.000000000,0.000000000,0.000000000,0.000000000,0.000000000,0.000000000,0.000000000,0.000000000,0.000000000,0.000000000,0.000000000,0.000000000,0.000000000,0.000000000,0.000000000,0.000000000,0.000000000,0.000000000,0.000000000,0.000000000,0.000000000,0.000000000,0.999203502,0.000000000,0.000000000,0.039904397,0.045589227,-0.444493592,5.778440952,1688478837.734909534
1688478837.824945,663.500000000,291.500000000,0.000000000,651.000000000,277.000000000,0.000000000,676.000000000,279.000000000,0.000000000,674.000000000,304.000000000,0.000000000,649.000000000,302.000000000,0.000000000,0.000000000,0.000000000,0.000000000,0.000000000,0.000000000,0.000000000,0.000000000,0.000000000,0.000000000,0.000000000,0.000000000,0.000000000,0.000000000,0.000000000,0.000000000,0.000000000,0.000000000,0.000000000,0.000000000,0.000000000,0.000000000,0.000000000,0.000000000,0.000000000,0.000000000,0.000000000,0.000000000,0.000000000,0.000000000,0.000000000,0.000000000,0.000000000,0.000000000,0.000000000,0.000000000,0.000000000,0.000000000,0.000000000,0.000000000,0.999203502,0.000000000,0.000000000,0.039904397,0.045589227,-0.444493592,5.778440952,1688478837.768267393
1688478837.856593,,,,,,,,,,,,,,,,,,,,,,,,,,,,,,,,,,,,,,,,,,,,,,,,,,,,,,,,,,,,,,1688478837.801625252
1688478837.890533,663.500000000,291.500000000,0.000000000,651.000000000,277.000000000,0.000000000,676.000000000,279.000000000,0.000000000,674.000000000,304.000000000,0.000000000,649.000000000,302.000000000,0.000000000,0.000000000,0.000000000,0.000000000,0.000000000,0.000000000,0.000000000,0.000000000,0.000000000,0.000000000,0.000000000,0.000000000,0.000000000,0.000000000,0.000000000,0.000000000,0.000000000,0.000000000,0.000000000,0.000000000,0.000000000,0.000000000,0.000000000,0.000000000,0.000000000,0.000000000,0.000000000,0.000000000,0.000000000,0.000000000,0.000000000,0.000000000,0.000000000,0.000000000,0.000000000,0.000000000,0.000000000,0.000000000,0.000000000,0.000000000,0.999203502,0.000000000,0.000000000,0.039904397,0.045589227,-0.444493592,5.778440952,1688478837.834983110
1688478837.922012,,,,,,,,,,,,,,,,,,,,,,,,,,,,,,,,,,,,,,,,,,,,,,,,,,,,,,,,,,,,,,1688478837.868340969
1688478837.954931,,,,,,,,,,,,,,,,,,,,,,,,,,,,,,,,,,,,,,,,,,,,,,,,,,,,,,,,,,,,,,1688478837.901699066
1688478837.991378,663.500000000,291.500000000,0.000000000,651.000000000,277.000000000,0.000000000,676.000000000,279.000000000,0.000000000,674.000000000,304.000000000,0.000000000,649.000000000,302.000000000,0.000000000,0.000000000,0.000000000,0.000000000,0.000000000,0.000000000,0.000000000,0.000000000,0.000000000,0.000000000,0.000000000,0.000000000,0.000000000,0.000000000,0.000000000,0.000000000,0.000000000,0.000000000,0.000000000,0.000000000,0.000000000,0.000000000,0.000000000,0.000000000,0.000000000,0.000000000,0.000000000,0.000000000,0.000000000,0.000000000,0.000000000,0.000000000,0.000000000,0.000000000,0.000000000,0.000000000,0.000000000,0.000000000,0.000000000,0.000000000,0.999203502,0.000000000,0.000000000,0.039904397,0.045589227,-0.444493592,5.778440952,1688478837.935056925
1688478838.020869,,,,,,,,,,,,,,,,,,,,,,,,,,,,,,,,,,,,,,,,,,,,,,,,,,,,,,,,,,,,,,1688478837.968414783
1688478838.055107,,,,,,,,,,,,,,,,,,,,,,,,,,,,,,,,,,,,,,,,,,,,,,,,,,,,,,,,,,,,,,1688478838.001772642
1688478838.090583,663.500000000,291.500000000,0.000000000,651.000000000,277.000000000,0.000000000,676.000000000,279.000000000,0.000000000,674.000000000,304.000000000,0.000000000,649.000000000,302.000000000,0.000000000,0.000000000,0.000000000,0.000000000,0.000000000,0.000000000,0.000000000,0.000000000,0.000000000,0.000000000,0.000000000,0.000000000,0.000000000,0.000000000,0.000000000,0.000000000,0.000000000,0.000000000,0.000000000,0.000000000,0.000000000,0.000000000,0.000000000,0.000000000,0.000000000,0.000000000,0.000000000,0.000000000,0.000000000,0.000000000,0.000000000,0.000000000,0.000000000,0.000000000,0.000000000,0.000000000,0.000000000,0.000000000,0.000000000,0.000000000,0.999203502,0.000000000,0.000000000,0.039904397,0.045589227,-0.444493592,5.778440952,1688478838.035130501
1688478838.121591,,,,,,,,,,,,,,,,,,,,,,,,,,,,,,,,,,,,,,,,,,,,,,,,,,,,,,,,,,,,,,1688478838.068488598
1688478838.154090,,,,,,,,,,,,,,,,,,,,,,,,,,,,,,,,,,,,,,,,,,,,,,,,,,,,,,,,,,,,,,1688478838.101846457
1688478838.190459,663.500000000,291.500000000,0.000000000,651.000000000,277.000000000,0.000000000,676.000000000,279.000000000,0.000000000,675.000000000,304.000000000,0.000000000,649.000000000,302.000000000,0.000000000,0.000000000,0.000000000,0.000000000,0.000000000,0.000000000,0.000000000,0.000000000,0.000000000,0.000000000,0.000000000,0.000000000,0.000000000,0.000000000,0.000000000,0.000000000,0.000000000,0.000000000,0.000000000,0.000000000,0.000000000,0.000000000,0.000000000,0.000000000,0.000000000,0.000000000,0.000000000,0.000000000,0.000000000,0.000000000,0.000000000,0.000000000,0.000000000,0.000000000,0.000000000,0.000000000,0.000000000,0.000000000,0.000000000,0.000000000,0.898396609,-0.434838782,-0.053185488,0.031145957,0.034953438,-0.328884214,4.260691166,1688478838.135204315
1688478838.222937,663.500000000,291.500000000,0.000000000,651.000000000,277.000000000,0.000000000,676.000000000,279.000000000,0.000000000,674.000000000,304.000000000,0.000000000,649.000000000,302.000000000,0.000000000,0.000000000,0.000000000,0.000000000,0.000000000,0.000000000,0.000000000,0.000000000,0.000000000,0.000000000,0.000000000,0.000000000,0.000000000,0.000000000,0.000000000,0.000000000,0.000000000,0.000000000,0.000000000,0.000000000,0.000000000,0.000000000,0.000000000,0.000000000,0.000000000,0.000000000,0.000000000,0.000000000,0.000000000,0.000000000,0.000000000,0.000000000,0.000000000,0.000000000,0.000000000,0.000000000,0.000000000,0.000000000,0.000000000,0.000000000,0.999203502,0.000000000,0.000000000,0.039904397,0.045589227,-0.444493592,5.778440952,1688478838.168562174
1688478838.252045,,,,,,,,,,,,,,,,,,,,,,,,,,,,,,,,,,,,,,,,,,,,,,,,,,,,,,,,,,,,,,1688478838.201920271
1688478838.286081,,,,,,,,,,,,,,,,,,,,,,,,,,,,,,,,,,,,,,,,,,,,,,,,,,,,,,,,,,,,,,1688478838.235278130
1688478838.319867,,,,,,,,,,,,,,,,,,,,,,,,,,,,,,,,,,,,,,,,,,,,,,,,,,,,,,,,,,,,,,1688478838.268635988
1688478838.350858,,,,,,,,,,,,,,,,,,,,,,,,,,,,,,,,,,,,,,,,,,,,,,,,,,,,,,,,,,,,,,1688478838.301993847
1688478838.386128,,,,,,,,,,,,,,,,,,,,,,,,,,,,,,,,,,,,,,,,,,,,,,,,,,,,,,,,,,,,,,1688478838.335351706
1688478838.421093,663.500000000,291.500000000,0.000000000,651.000000000,277.000000000,0.000000000,676.000000000,279.000000000,0.000000000,674.000000000,304.000000000,0.000000000,649.000000000,302.000000000,0.000000000,0.000000000,0.000000000,0.000000000,0.000000000,0.000000000,0.000000000,0.000000000,0.000000000,0.000000000,0.000000000,0.000000000,0.000000000,0.000000000,0.000000000,0.000000000,0.000000000,0.000000000,0.000000000,0.000000000,0.000000000,0.000000000,0.000000000,0.000000000,0.000000000,0.000000000,0.000000000,0.000000000,0.000000000,0.000000000,0.000000000,0.000000000,0.000000000,0.000000000,0.000000000,0.000000000,0.000000000,0.000000000,0.000000000,0.000000000,0.999203502,0.000000000,0.000000000,0.039904397,0.045589227,-0.444493592,5.778440952,1688478838.368710041
1688478838.462372,663.500000000,291.500000000,0.000000000,651.000000000,277.000000000,0.000000000,676.000000000,279.000000000,0.000000000,674.000000000,304.000000000,0.000000000,649.000000000,302.000000000,0.000000000,0.000000000,0.000000000,0.000000000,0.000000000,0.000000000,0.000000000,0.000000000,0.000000000,0.000000000,0.000000000,0.000000000,0.000000000,0.000000000,0.000000000,0.000000000,0.000000000,0.000000000,0.000000000,0.000000000,0.000000000,0.000000000,0.000000000,0.000000000,0.000000000,0.000000000,0.000000000,0.000000000,0.000000000,0.000000000,0.000000000,0.000000000,0.000000000,0.000000000,0.000000000,0.000000000,0.000000000,0.000000000,0.000000000,0.000000000,0.999203502,0.000000000,0.000000000,0.039904397,0.045589227,-0.444493592,5.778440952,1688478838.402067900
1688478838.494752,663.500000000,291.500000000,0.000000000,651.000000000,277.000000000,0.000000000,676.000000000,279.000000000,0.000000000,674.000000000,304.000000000,0.000000000,649.000000000,302.000000000,0.000000000,0.000000000,0.000000000,0.000000000,0.000000000,0.000000000,0.000000000,0.000000000,0.000000000,0.000000000,0.000000000,0.000000000,0.000000000,0.000000000,0.000000000,0.000000000,0.000000000,0.000000000,0.000000000,0.000000000,0.000000000,0.000000000,0.000000000,0.000000000,0.000000000,0.000000000,0.000000000,0.000000000,0.000000000,0.000000000,0.000000000,0.000000000,0.000000000,0.000000000,0.000000000,0.000000000,0.000000000,0.000000000,0.000000000,0.000000000,0.999203502,0.000000000,0.000000000,0.039904397,0.045589227,-0.444493592,5.778440952,1688478838.435426712
1688478838.521659,663.500000000,291.500000000,0.000000000,651.000000000,277.000000000,0.000000000,676.000000000,279.000000000,0.000000000,674.000000000,304.000000000,0.000000000,649.000000000,302.000000000,0.000000000,0.000000000,0.000000000,0.000000000,0.000000000,0.000000000,0.000000000,0.000000000,0.000000000,0.000000000,0.000000000,0.000000000,0.000000000,0.000000000,0.000000000,0.000000000,0.000000000,0.000000000,0.000000000,0.000000000,0.000000000,0.000000000,0.000000000,0.000000000,0.000000000,0.000000000,0.000000000,0.000000000,0.000000000,0.000000000,0.000000000,0.000000000,0.000000000,0.000000000,0.000000000,0.000000000,0.000000000,0.000000000,0.000000000,0.000000000,0.999203502,0.000000000,0.000000000,0.039904397,0.045589227,-0.444493592,5.778440952,1688478838.468785763
1688478838.560613,,,,,,,,,,,,,,,,,,,,,,,,,,,,,,,,,,,,,,,,,,,,,,,,,,,,,,,,,,,,,,1688478838.502144575
1688478838.593915,,,,,,,,,,,,,,,,,,,,,,,,,,,,,,,,,,,,,,,,,,,,,,,,,,,,,,,,,,,,,,1688478838.535503626
1688478838.625078,663.500000000,291.500000000,0.000000000,651.000000000,277.000000000,0.000000000,676.000000000,279.000000000,0.000000000,674.000000000,304.000000000,0.000000000,649.000000000,302.000000000,0.000000000,0.000000000,0.000000000,0.000000000,0.000000000,0.000000000,0.000000000,0.000000000,0.000000000,0.000000000,0.000000000,0.000000000,0.000000000,0.000000000,0.000000000,0.000000000,0.000000000,0.000000000,0.000000000,0.000000000,0.000000000,0.000000000,0.000000000,0.000000000,0.000000000,0.000000000,0.000000000,0.000000000,0.000000000,0.000000000,0.000000000,0.000000000,0.000000000,0.000000000,0.000000000,0.000000000,0.000000000,0.000000000,0.000000000,0.000000000,0.999203502,0.000000000,0.000000000,0.039904397,0.045589227,-0.444493592,5.778440952,1688478838.568862438
1688478838.652892,,,,,,,,,,,,,,,,,,,,,,,,,,,,,,,,,,,,,,,,,,,,,,,,,,,,,,,,,,,,,,1688478838.602221489
1688478838.686564,,,,,,,,,,,,,,,,,,,,,,,,,,,,,,,,,,,,,,,,,,,,,,,,,,,,,,,,,,,,,,1688478838.635580540
1688478838.731940,663.500000000,291.500000000,0.000000000,651.000000000,277.000000000,0.000000000,676.000000000,279.000000000,0.000000000,674.000000000,304.000000000,0.000000000,649.000000000,302.000000000,0.000000000,0.000000000,0.000000000,0.000000000,0.000000000,0.000000000,0.000000000,0.000000000,0.000000000,0.000000000,0.000000000,0.000000000,0.000000000,0.000000000,0.000000000,0.000000000,0.000000000,0.000000000,0.000000000,0.000000000,0.000000000,0.000000000,0.000000000,0.000000000,0.000000000,0.000000000,0.000000000,0.000000000,0.000000000,0.000000000,0.000000000,0.000000000,0.000000000,0.000000000,0.000000000,0.000000000,0.000000000,0.000000000,0.000000000,0.000000000,0.999203502,0.000000000,0.000000000,0.039904397,0.045589227,-0.444493592,5.778440952,1688478838.668939352
1688478838.757385,663.500000000,291.500000000,0.000000000,651.000000000,277.000000000,0.000000000,676.000000000,279.000000000,0.000000000,674.000000000,304.000000000,0.000000000,649.000000000,302.000000000,0.000000000,0.000000000,0.000000000,0.000000000,0.000000000,0.000000000,0.000000000,0.000000000,0.000000000,0.000000000,0.000000000,0.000000000,0.000000000,0.000000000,0.000000000,0.000000000,0.000000000,0.000000000,0.000000000,0.000000000,0.000000000,0.000000000,0.000000000,0.000000000,0.000000000,0.000000000,0.000000000,0.000000000,0.000000000,0.000000000,0.000000000,0.000000000,0.000000000,0.000000000,0.000000000,0.000000000,0.000000000,0.000000000,0.000000000,0.000000000,0.999203502,0.000000000,0.000000000,0.039904397,0.045589227,-0.444493592,5.778440952,1688478838.702298403
